:020000040800F2
:100000000050002071300008892E0008912E000851
:10001000992E0008A12E0008A92E0008000000005B
:10002000000000000000000000000000B12E0008E9
:10003000BD2E000800000000C92E0008D52E0008C3
:10004000B9300008B9300008B9300008B9300008EC
:10005000B9300008B9300008B9300008B9300008DC
:10006000B9300008B9300008B9300008B9300008CC
:10007000B9300008B9300008B9300008B9300008BC
:10008000B9300008B9300008B9300008B9300008AC
:10009000B9300008B9300008B9300008B93000089C
:1000A000B9300008B9300008B9300008B93000088C
:1000B000B9300008B9300008B9300008B93000087C
:1000C000B9300008B9300008B9300008B93000086C
:1000D000B9300008B9300008B9300008B93000085C
:1000E000B9300008B9300008B9300008000000003D
:1000F0000000000000000000000000000000000000
:0C01000000000000000000005FF808F1A3
:1001100010B5054C237833B9044B13B10448AFF341
:1001200000800123237010BDE801002000000000C2
:10013000ACBA000808B5034B1BB103490348AFF341
:10014000008008BD00000000EC010020ACBA0008EF
:10015000034613F8012B002AFBD1181A0138704707
:1001600081F0004102E000BF83F0004330B54FEA68
:1001700041044FEA430594EA050F08BF90EA020FD5
:100180001FBF54EA000C55EA020C7FEA645C7FEA68
:10019000655C00F0E2804FEA5454D4EB5555B8BF8B
:1001A0006D420CDD2C4480EA020281EA030382EAFC
:1001B000000083EA010180EA020281EA0303362D8E
:1001C00088BF30BD11F0004F4FEA01314FF4801C61
:1001D0004CEA113102D0404261EB410113F0004F73
:1001E0004FEA03334CEA133302D0524263EB43032A
:1001F00094EA050F00F0A780A4F10104D5F1200EC8
:100200000DDB02FA0EFC22FA05F2801841F1000122
:1002100003FA0EF2801843FA05F359410EE0A5F1F6
:1002200020050EF1200E012A03FA0EFC28BF4CF027
:10023000020C43FA05F3C01851EBE37101F00045DD
:1002400007D54FF0000EDCF1000C7EEB00006EEBEA
:100250000101B1F5801F1BD3B1F5001F0CD3490874
:100260005FEA30004FEA3C0C04F101044FEA4452CB
:1002700012F5800F80F09A80BCF1004F08BF5FEA52
:10028000500C50F1000041EB045141EA050130BD32
:100290005FEA4C0C404141EB0101013C28BFB1F544
:1002A000801FE9D291F0000F04BF01460020B1FA8F
:1002B00081F308BF2033A3F10B03B3F120020CDA62
:1002C0000C3208DD02F1140CC2F10C0201FA0CF040
:1002D00021FA02F10CE002F11402D8BFC2F1200CA5
:1002E00001FA02F120FA0CFCDCBF41EA0C0190405B
:1002F000E41AA2BF01EB0451294330BD6FEA0404A4
:100300001F3C1CDA0C340EDC04F11404C4F120028E
:1003100020FA04F001FA02F340EA030021FA04F3A0
:1003200045EA030130BDC4F10C04C4F1200220FAF7
:1003300002F001FA04F340EA0300294630BD21FA35
:1003400004F0294630BD94F0000F83F4801306BFFB
:1003500081F480110134013D4EE77FEA645C18BFEF
:100360007FEA655C29D094EA050F08BF90EA020F86
:1003700005D054EA000C04BF1946104630BD91EA7E
:10038000030F1EBF0021002030BD5FEA545C05D181
:100390004000494128BF41F0004130BD14F58004C0
:1003A0003CBF01F5801130BD01F0004545F0FE4134
:1003B00041F470014FF0000030BD7FEA645C1ABF69
:1003C000194610467FEA655C1CBF0B46024650EAA0
:1003D000013406BF52EA033591EA030F41F40021CC
:1003E00030BD00BF90F0000F04BF0021704730B552
:1003F0004FF4806404F132044FF000054FF0000127
:1004000050E700BF90F0000F04BF0021704730B5E7
:100410004FF4806404F1320410F0004548BF4042BC
:100420004FF000013EE700BF42004FEAE2014FEA11
:1004300031014FEA02701FBF12F07F4393F07F4FEC
:1004400081F06051704732F07F4208BF704793F0EF
:100450007F4F04BF41F40021704730B54FF4607402
:1004600001F0004521F000411CE700BF50EA010205
:1004700008BF704730B54FF000050AE050EA0102AE
:1004800008BF704730B511F0004502D5404261EB1E
:1004900041014FF4806404F132045FEA915C3FF45F
:1004A000D8AE4FF003025FEADC0C18BF03325FEAFC
:1004B000DC0C18BF033202EBDC02C2F1200300FAAD
:1004C00003FC20FA02F001FA03FE40EA0E0021FAD2
:1004D00002F11444BDE600BF70B54FF0FF0C4CF4C0
:1004E000E06C1CEA11541DBF1CEA135594EA0C0F72
:1004F00095EA0C0F00F0DEF82C4481EA030621EAAD
:100500004C5123EA4C5350EA013518BF52EA0335E7
:1005100041F4801143F4801338D0A0FB02CE4FF099
:100520000005E1FB02E506F00042E0FB03E54FF0C9
:100530000006E1FB03569CF0000F18BF4EF0010EC1
:10054000A4F1FF04B6F5007F64F5407404D25FEABD
:100550004E0E6D4146EB060642EAC62141EA555170
:100560004FEAC52040EA5E504FEACE2EB4F1FD0CB2
:1005700088BFBCF5E06F1ED8BEF1004F08BF5FEA30
:10058000500E50F1000041EB045170BD06F00046E2
:1005900046EA010140EA020081EA0301B4EB5C048F
:1005A000C2BFD4EB0C0541EA045170BD41F4801187
:1005B0004FF0000E013C00F3AB8014F1360FDEBFAC
:1005C000002001F0004170BDC4F10004203C35DA88
:1005D0000C341BDC04F11404C4F1200500FA05F30B
:1005E00020FA04F001FA05F240EA020001F00042AC
:1005F00021F0004110EBD37021FA04F642EB060122
:100600005EEA430E08BF20EAD37070BDC4F10C044B
:10061000C4F1200500FA04F320FA05F001FA04F20F
:1006200040EA020001F0004110EBD37041F10001FB
:100630005EEA430E08BF20EAD37070BDC4F1200506
:1006400000FA05F24EEA020E20FA04F301FA05F26E
:1006500043EA020321FA04F001F0004121FA04F216
:1006600020EA020000EBD3705EEA430E08BF20EAE6
:10067000D37070BD94F0000F0FD101F00046400020
:1006800041EB010111F4801F08BF013CF7D041EAA2
:10069000060195F0000F18BF704703F000465200A6
:1006A00043EB030313F4801F08BF013DF7D043EA77
:1006B0000603704794EA0C0F0CEA135518BF95EA2D
:1006C0000C0F0CD050EA410618BF52EA4306D1D1B4
:1006D00081EA030101F000414FF0000070BD50EAD3
:1006E000410606BF1046194652EA430619D094EA5D
:1006F0000C0F02D150EA013613D195EA0C0F05D147
:1007000052EA03361CBF104619460AD181EA03019A
:1007100001F0004141F0FE4141F470014FF0000052
:1007200070BD41F0FE4141F4780170BD70B54FF0ED
:10073000FF0C4CF4E06C1CEA11541DBF1CEA13556D
:1007400094EA0C0F95EA0C0F00F0A7F8A4EB05044F
:1007500081EA030E52EA03354FEA013100F0888046
:100760004FEA03334FF0805545EA131343EA12630F
:100770004FEA022245EA111545EA10654FEA0026C4
:100780000EF000419D4208BF964244F1FD0404F57D
:10079000407402D25B084FEA3202B61A65EB0305D9
:1007A0005B084FEA32024FF480104FF4002CB6EB96
:1007B000020E75EB030E22BFB61A754640EA0C0016
:1007C0005B084FEA3202B6EB020E75EB030E22BF56
:1007D000B61A754640EA5C005B084FEA3202B6EB97
:1007E000020E75EB030E22BFB61A754640EA9C0056
:1007F0005B084FEA3202B6EB020E75EB030E22BF26
:10080000B61A754640EADC0055EA060E18D04FEAE3
:10081000051545EA16754FEA06164FEAC30343EA83
:1008200052734FEAC2025FEA1C1CC0D111F4801F50
:100830000BD141EA00014FF000004FF0004CB6E749
:1008400011F4801F04BF01430020B4F1FD0C88BFE8
:10085000BCF5E06F3FF6AFAEB5EB030C04BFB6EBF3
:10086000020C5FEA500C50F1000041EB045170BDE6
:100870000EF0004E4EEA113114EB5C04C2BFD4EB13
:100880000C0541EA045170BD41F480114FF0000E97
:10089000013C90E645EA060E8DE60CEA135594EA13
:1008A0000C0F08BF95EA0C0F3FF43BAF94EA0C0F16
:1008B0000AD150EA01347FF434AF95EA0C0F7FF48B
:1008C00025AF104619462CE795EA0C0F06D152EADF
:1008D00003353FF4FDAE1046194622E750EA4106C3
:1008E00018BF52EA43067FF4C5AE50EA41047FF4D4
:1008F0000DAF52EA43057FF4EBAE12E74FF0FF3C39
:1009000006E000BF4FF0010C02E000BF4FF0010C09
:100910004DF804CD4FEA410C7FEA6C5C4FEA430C82
:1009200018BF7FEA6C5C1BD001B050EA410C0CBFD1
:1009300052EA430C91EA030F02BF90EA020F002033
:10094000704710F1000F91EA030F58BF994208BF9A
:1009500090422CBFD8176FEAE37040F00100704757
:100960004FEA410C7FEA6C5C02D150EA013C07D1AE
:100970004FEA430C7FEA6C5CD6D152EA033CD3D0F9
:100980005DF8040B704700BF8446104662468C46F3
:100990001946634600E000BF01B5FFF7B7FF002826
:1009A00048BF10F1000F01BD4DF808EDFFF7F4FF4F
:1009B0000CBF012000205DF808FB00BF4DF808EDDA
:1009C000FFF7EAFF34BF012000205DF808FB00BFFD
:1009D0004DF808EDFFF7E0FF94BF012000205DF81F
:1009E00008FB00BF4DF808EDFFF7CEFF94BF0120D4
:1009F00000205DF808FB00BF4DF808EDFFF7C4FFCD
:100A000034BF012000205DF808FB00BF4FEA410C15
:100A10007FEA6C5C02D150EA013C0AD14FEA430CF8
:100A20007FEA6C5C02D152EA033C02D14FF0000035
:100A300070474FF0010070474FEA410212F5001273
:100A400015D211D56FF47873B3EB625212D94FEA15
:100A5000C12343F0004343EA505311F0004F23FAFF
:100A600002F018BF404270474FF00000704750EA54
:100A7000013005D111F0004008BF6FF00040704711
:100A80004FF00000704700BF4A0011D212F500126B
:100A900011D20DD56FF47873B3EB62520ED44FEAD6
:100AA000C12343F0004343EA505323FA02F0704756
:100AB0004FF00000704750EA013002D14FF0FF3094
:100AC00070474FF0000070474FEA4102B2F1E04337
:100AD00024BFB3F5001CDCF1FE5C0DD901F0004C25
:100AE0004FEAC0024CEA5070B2F1004F40EB830075
:100AF00008BF20F00100704711F0804F21D113F1A1
:100B00003872BCBF01F00040704741F480114FEAD9
:100B10005252C2F11802C2F1200C10FA0CF320FA62
:100B200002F018BF40F001004FEAC1234FEAD3237F
:100B300003FA0CFC40EA0C0023FA02F34FEA4303E9
:100B4000CCE77FEA625307D150EA01331EBF4FF072
:100B5000FE4040F44000704701F0004040F0FE408D
:100B600040F40000704700BF80F0004002E000BF8A
:100B700081F0004142001FBF5FEA410392EA030F88
:100B80007FEA226C7FEA236C6AD04FEA1262D2EBD2
:100B90001363C1BFD218414048404140B8BF5B42D7
:100BA000192B88BF704710F0004F40F4000020F070
:100BB0007F4018BF404211F0004F41F4000121F086
:100BC0007F4118BF494292EA030F3FD0A2F10102D0
:100BD00041FA03FC10EB0C00C3F1200301FA03F10E
:100BE00000F0004302D5494260EB4000B0F5000F31
:100BF00013D3B0F1807F06D340084FEA310102F1F0
:100C00000102FE2A51D2B1F1004F40EBC25008BFA1
:100C100020F0010040EA03007047490040EB00006B
:100C2000013A28BFB0F5000FEDD2B0FA80FCACF16C
:100C3000080CB2EB0C0200FA0CF0AABF00EBC25099
:100C400052421843BCBFD0401843704792F0000F87
:100C500081F4000106BF80F400000132013BB5E7DA
:100C60004FEA41037FEA226C18BF7FEA236C21D050
:100C700092EA030F04D092F0000F08BF08467047B5
:100C800090EA010F1CBF0020704712F07F4F04D183
:100C9000400028BF40F00040704712F100723CBF96
:100CA00000F50000704700F0004343F0FE4040F4C0
:100CB000000070477FEA226216BF08467FEA23637E
:100CC0000146420206BF5FEA412390EA010F40F469
:100CD000800070474FF0000304E000BF10F00043B5
:100CE00048BF40425FEA000C08BF704743F096439C
:100CF00001464FF000001CE050EA010208BF7047B7
:100D00004FF000030AE000BF50EA010208BF70473D
:100D100011F0004302D5404261EB41015FEA010C52
:100D200002BF84460146002043F0B64308BFA3F14A
:100D30008053A3F50003BCFA8CF2083AA3EBC2532C
:100D400010DB01FA02FC634400FA02FCC2F120024B
:100D5000BCF1004F20FA02F243EB020008BF20F082
:100D60000100704702F1200201FA02FCC2F12002E8
:100D700050EA4C0021FA02F243EB020008BF20EADD
:100D8000DC7070474FF0FF0C1CEAD0521EBF1CEA0B
:100D9000D15392EA0C0F93EA0C0F6FD01A4480EAF9
:100DA000010C400218BF5FEA41211ED04FF00063E2
:100DB00043EA501043EA5111A0FB01310CF000400E
:100DC000B1F5000F3EBF490041EAD3715B0040EA34
:100DD000010062F17F02FD2A1DD8B3F1004F40EB04
:100DE000C25008BF20F00100704790F0000F0CF0D7
:100DF000004C08BF49024CEA502040EA51207F3A9B
:100E0000C2BFD2F1FF0340EAC250704740F4000075
:100E10004FF00003013A5DDC12F1190FDCBF00F066
:100E200000407047C2F10002410021FA02F1C2F114
:100E3000200200FA02FC5FEA310040F1000053EAB0
:100E40004C0308BF20EADC70704792F0000F00F0FE
:100E5000004C02BF400010F4000F013AF9D040EA04
:100E60000C0093F0000F01F0004C02BF490011F498
:100E7000000F013BF9D041EA0C018FE70CEAD15396
:100E800092EA0C0F18BF93EA0C0F0AD030F0004C16
:100E900018BF31F0004CD8D180EA010000F00040CA
:100EA000704790F0000F17BF90F0004F084691F088
:100EB000000F91F0004F14D092EA0C0F01D14202C2
:100EC0000FD193EA0C0F03D14B0218BF084608D18B
:100ED00080EA010000F0004040F0FE4040F40000D5
:100EE000704740F0FE4040F4400070474FF0FF0C68
:100EF0001CEAD0521EBF1CEAD15392EA0C0F93EAAF
:100F00000C0F69D0A2EB030280EA010C49024FEA00
:100F1000402037D04FF0805343EA111143EA1013B9
:100F20000CF000408B4238BF5B0042F17D024FF471
:100F3000000C8B4224BF5B1A40EA0C00B3EB510F4C
:100F400024BFA3EB510340EA5C00B3EB910F24BF35
:100F5000A3EB910340EA9C00B3EBD10F24BFA3EBBA
:100F6000D10340EADC001B0118BF5FEA1C1CE0D182
:100F7000FD2A3FF650AF8B4240EBC25008BF20F035
:100F8000010070470CF0004C4CEA50207F32C2BF89
:100F9000D2F1FF0340EAC250704740F400004FF026
:100FA0000003013A37E792F0000F00F0004C02BF57
:100FB000400010F4000F013AF9D040EA0C0093F021
:100FC000000F01F0004C02BF490011F4000F013B7B
:100FD000F9D041EA0C0195E70CEAD15392EA0C0FE3
:100FE00008D142027FF47DAF93EA0C0F7FF470AF1B
:100FF000084676E793EA0C0F04D14B023FF44CAF5E
:1010000008466EE730F0004C18BF31F0004CCAD1F2
:1010100030F000427FF45CAF31F000437FF43CAF2E
:101020005FE700BF4FF0FF3C06E000BF4FF0010C50
:1010300002E000BF4FF0010C4DF804CD4FEA400232
:101040004FEA41037FEA226C18BF7FEA236C11D07C
:1010500001B052EA530C18BF90EA010F58BFB2EB2F
:10106000030088BFC81738BF6FEAE17018BF40F0AF
:10107000010070477FEA226C02D15FEA402C05D163
:101080007FEA236CE4D15FEA412CE1D05DF8040BE8
:10109000704700BF844608466146FFE70FB5FFF77B
:1010A000C9FF002848BF10F1000F0FBD4DF808ED33
:1010B000FFF7F4FF0CBF012000205DF808FB00BF24
:1010C0004DF808EDFFF7EAFF34BF012000205DF87E
:1010D00008FB00BF4DF808EDFFF7E0FF94BF0120CB
:1010E00000205DF808FB00BF4DF808EDFFF7D2FFC8
:1010F00094BF012000205DF808FB00BF4DF808ED0B
:10110000FFF7C8FF34BF012000205DF808FB00BFD7
:101110007BB972B90029BEBF00204FF0004106E044
:1011200008BF00281CBF6FF000414FF0FF3000F0F7
:10113000F5B9ADF1080C6DE904CE002909DB002BEF
:101140001ADB00F06BF8DDF804E0DDE9022304B0FF
:101150007047404261EB4101002B1BDB00F05EF861
:10116000DDF804E0DDE9022304B0404261EB410117
:10117000524263EB43037047524263EB430300F078
:101180004DF8DDF804E0DDE9022304B0404261EBF4
:1011900041017047524263EB430300F03FF8DDF832
:1011A00004E0DDE9022304B0524263EB43037047DD
:1011B00038B50022002304460D46FFF7FFFB28B98F
:1011C00020462946BDE8384000F00AB8204605F11F
:1011D000004100F005F8404261EB410138BD00BF1D
:1011E000D0B500220B4B06460F46FFF775F9FFF707
:1011F0004BFC0446FFF7F6F80022074BFFF76CF9AB
:1012000002460B4630463946FEF7AEFFFFF73CFC80
:101210002146D0BD0000F03D0000F0412DE9F0472F
:10122000089D8E4604468846002B4AD18A421746BE
:1012300062D9B2FA82F64EB1C6F1200301FA06F87D
:1012400020FA03F3B74043EA0808B4404FEA174EC8
:10125000B8FBFEF11FFA87FC0EFB118801FB0CF2B4
:10126000230C43EA08439A4209D9FB1801F1FF30E5
:1012700080F0EB809A4240F2E88002393B449A1AAF
:10128000B2FBFEF00EFB102200FB0CFCA3B243EA03
:1012900002439C4509D9FB1800F1FF3280F0D7804A
:1012A0009C4540F2D4803B44023840EA0140002192
:1012B000A3EB0C031DB10022F340C5E90032BDE8E9
:1012C000F0878B4205D90DB1C5E900010021084620
:1012D000F5E7B3FA83F1002946D1734502D3824280
:1012E00000F20881841A6EEB030201209046002D63
:1012F000E5D0C5E90048E2E7002A00F09180B2FAA3
:1013000082F6002E40F0A5808A1A0121030C4FEAD4
:10131000174E80B2BCB2B2FBFEFC0EFB1C2243EAAD
:10132000024304FB0CF29A4207D9FB180CF1FF3878
:1013300002D29A4200F2E380C4469B1AB3FBFEF24B
:101340000EFB123302FB04F440EA03439C4207D92C
:10135000FB1802F1FF3002D29C4200F2CD8002461F
:101360001B1B42EA0C40A5E7C1F120068B4022FA84
:1013700006F71F432EFA06FA4FEA1749BAFBF9F8A7
:101380000EFA01FE20FA06F309FB18AA1FFA87FCE1
:1013900043EA0E0300FA01FE08FB0CF01C0C44EAC1
:1013A0000A44A04202FA01F20AD93C1908F1FF3AB4
:1013B00080F09E80A04240F29B80A8F102083C444D
:1013C000241A98B2B4FBF9F309FB134403FB0CFC99
:1013D00040EA0444A44509D93C1903F1FF3080F0E8
:1013E0008580A44540F28280023B3C4443EA0840A9
:1013F000A4EB0C04A0FB028C64454346E14664D395
:1014000061D05DB1BEEB030264EB090404FA06F699
:1014100022FA01F31E43CC40C5E9006400214EE7E7
:10142000B1FBF2FC010C41EA0E4180B240EA0142FC
:101430003B46B1FBF7F138463C46B846BE4620264F
:10144000A2EB080241EA0C4165E7014617E71046A6
:101450002BE7C6F120012EFA01FCB7400EFA06FE7A
:1014600020FA01F141EA0E014FEA174EBCFBFEF8EB
:10147000BCB20EFB18CC08FB04F90A0C42EA0C4281
:10148000B04091454FEA104380B23ED9BA1808F1F6
:10149000FF3C01D291451FD8A2EB0902B2FBFEF935
:1014A00009FB04F80EFB192A8AB242EA0A424245B5
:1014B00029D2BA1809F1FF31C2D24245C0D2A9F1EE
:1014C00002013A44BCE7C6459BD2B8EB02036CEB81
:1014D000070C0138E14694E7A7EB09094A44B2FB3F
:1014E000FEF9A8F1020C09FB04F8DBE703467DE7EF
:1014F000D04665E70846FAE63B44023A30E7ACF1ED
:10150000020C3B4419E749469AE7A2EB0902B2FBF9
:10151000FEF9C44609FB04F8C4E700BF704700BFEA
:1015200080B582B000AF094801F026FF642107486A
:1015300001F0FCFF054802F0FFF87860034801F075
:10154000C9FF7B6818460837BD4680BD04020020ED
:1015500080B58CB004AF494B19884FF0FF3302932C
:101560001A2301933B1D009301238822444803F072
:1015700041FB0346002B01D001237AE07B791BB2AB
:101580001B021AB23B791BB213431BB29AB23D4BFA
:101590001A80FB791BB21B021AB2BB791BB2134330
:1015A0001AB2394B1A807B7A1BB21B021AB23B7AF1
:1015B0001BB213431AB2354B1A80FB7A1BB21B02C3
:1015C0001AB2BB7A1BB213431BB29AB2304B1A80C9
:1015D0007B7B1BB21B021AB23B7B1BB213431AB2BA
:1015E0002C4B1A80FB7B1BB21B021AB2BB7B1BB2BB
:1015F00013431AB2284B1A807B7C1BB21B021AB20F
:101600003B7C1BB213431AB2244B1A80FB7C1BB2E7
:101610001B021AB2BB7C1BB213431AB2204B1A80B6
:101620007B7D1BB21B021AB23B7D1BB213431AB265
:101630001C4B1A80FB7D1BB21B021AB2BB7D1BB276
:1016400013431AB2184B1A807B7E1BB21B021AB2CC
:101650003B7E1BB213431AB2144B1A80FB7E1BB2A3
:101660001B021AB2BB7E1BB213431AB2104B1A8074
:10167000002318462037BD4680BD00BF1000002063
:101680003402002024030020260300202803002029
:101690002A0300202C0300202E030020300300200A
:1016A00032030020340300203603002038030020DA
:1016B0003A03002080B586B004AF1E4B19884FF462
:1016C0007A730293012301931B4B00930123D022D1
:1016D0001A4803F08FFA174B19884FF0FF33029323
:1016E000062301933B4600930123F722134803F09E
:1016F00081FA0346002B01D0012316E03B781A0340
:101700007B781B011343BA781209D2B213430C4AF7
:101710001360FB781A033B791B0113437A79120992
:10172000D2B21343074A1360002318460837BD4658
:1017300080BD00BF100000204803002034020020BC
:10174000440300204003002080B487B000AF7860DD
:101750007B68DA10184B1B885B00D31A174AB2F962
:10176000002002FB03F3DB127B617B681B11124A32
:1017700012889B1A7A6812110F490988521A02FBC3
:1017800003F31B130E4AB2F9002002FB03F39B1371
:101790003B617A693B6913440A4A1360094B1A6832
:1017A00013469B00134480331B12FB60FB681846F2
:1017B0001C37BD4680BC7047240300202603002050
:1017C000280300203C0300202DE9B04FCAB000AF31
:1017D000C7F80C01AE4B1B68DA171C461546B4F56A
:1017E000FA3A45F1FF3BC7E948ABD7F82421D7F8CF
:1017F000203103FB02F1D7F82421D7F8203102FB76
:1018000003F3CA18D7F82031A3FB038902EB0903BD
:101810009946A04BB3F900301BB2DA17C7F8B830BD
:10182000C7F8BC20D7E92E01034603FB09F20B469B
:1018300008FB03F313440246A8FB0221C7F8C410B7
:10184000C7F8C020D7F8C4201344C7F8C430D7E97C
:101850003034C7E94634C7E946348F4BB3F900301A
:101860001BB2DA17C7F8B030C7F8B420D7F8203168
:10187000D7E92C452A4602FB03F2D7F8243121464A
:1018800001FB03F31A44D7F820312146A3FB0131B1
:10189000C7F80411C7F80031D7F80431D318C7F8D6
:1018A00004314FF000004FF00001D7E940452B46CE
:1018B0005904224641EAD23123465804D7E9462347
:1018C00014183C644B417B64D7E91034C7E94634B3
:1018D000724BB3F900301BB2DA17C7F8A830C7F85B
:1018E000AC204FF000004FF00001D7F8A830D9002D
:1018F0000020D7E946231418BC634B41FB63D7E9AA
:101900000E34C7E94634D7F82421D7F8203103FB39
:1019100002F1D7F82421D7F8203102FB03F3CA18CB
:10192000D7F82031A3FB0331C7F8FC10C7F8F83013
:10193000D7F8FC30D318C7F8FC30594BB3F9003056
:101940001BB2DA17C7F8A030C7F8A420D7E93E3495
:101950002246D7E92889414601FB02F24D46184646
:101960002146034603FB05F3134402464146A2FB0E
:101970000121C7F8F410C7F8F020D7F8F420134479
:10198000C7F8F4304FF000004FF00001D7E93C45B4
:101990002346180A2A4640EA02602B461912414B98
:1019A000B3F900301BB2DA17C7F89830C7F89C209B
:1019B000D7F82031D7E926894A4602FB03F2D7F847
:1019C0002431444604FB03F31A44D7F8203144463B
:1019D000A3FB0434C7F8EC40C7F8E830D7F8EC3084
:1019E000D318C7F8EC304FF000024FF00003D7E9EE
:1019F0003A894C462303C44643EA1C534446220317
:101A000084183C6341EB03037B63D7E90C34C7E9DB
:101A10004834D7E9482303F50041C7F89410C7F8C4
:101A20009020214B1B889BB20022C7F88830C7F852
:101A30008C20D7E924342246D7E92289414601FB8C
:101A400002F24D4618462146034603FB05F31344B4
:101A500002464146A2FB0121C7F8E410C7F8E02086
:101A6000D7F8E4201344C7F8E4304FF000024FF0F9
:101A70000003D7E9384529464A102946CB17C7E95C
:101A80004823D7E94823134310D1002352E100BF74
:101A90003C030020340300203203002030030020E8
:101AA0002E0300202C0300202A030020D7F80C313D
:101AB000C3F58013DA17BB62FA62D7E90A34C7E9C3
:101AC0004434D7F810315B10C7F88430D7F81031A0
:101AD000DB07C7F88030D7E94623D7E92001044661
:101AE000A41ABC6761EB0303FB67D7E91E452246D6
:101AF0002B46911839625B417B62D7E90823214666
:101B00005118B96129464B41FB614FF000024FF07B
:101B10000003D7E9068949468B01414643EA9163B0
:101B200041468A01414689183961494643EB010122
:101B300079614FF000024FF00003D7E9048949466C
:101B40008B00C44643EA9C7341468A0010461946FE
:101B5000034622469B18BB600B462A4642EB030312
:101B6000FB604FF000024FF00003D7E902894946BD
:101B70008B00C44643EA9C7341468A0010461946CE
:101B8000034622469B183B672B460A4642EB03035B
:101B90007B67D7E94823D7E91C01FFF7B9FA02466A
:101BA0000B46C7E94423664BB3F900301BB2DA1782
:101BB000BB66FA66D7E944234FF000004FF00001FE
:101BC000500B40EAC3405913D7E91A452B4600FB96
:101BD00003F2234603FB01F313442246A2FB002138
:101BE000C7F8DC10C7F8D820D7F8DC201344C7F8B2
:101BF000DC30D7E944234FF000004FF00001500BD8
:101C000040EAC3405913D7E936452B4600FB03F29F
:101C1000234603FB01F313442246A2FB0021C7F82D
:101C2000D410C7F8D020D7F8D4201344C7F8D43044
:101C30004FF000024FF00003D7E9344521464A0E29
:101C4000204629460C4642EAC4124B16C7E94823EF
:101C50003C4BB3F900301BB2DA173B667A66D7F813
:101C60001031D7E918452A4602FB03F2D7F81431A0
:101C7000214601FB03F31344D7F810212146A2FBB0
:101C80000121C7F8CC10C7F8C820D7F8CC201344DE
:101C9000C7F8CC304FF000024FF00003D7E93245CF
:101CA0002146CA0C204629460C4642EA4432CB144F
:101CB000C7E94623D7E94401D7E948238418BC651E
:101CC00041EB0303FB65D7E94623D7E916452146D7
:101CD00089183965294643EB010179654FF0000009
:101CE0004FF00001D7E914452346180A2A4640EA76
:101CF00002602B461912144BB3F900301BB2DA17ED
:101D0000BB64FA644FF000024FF00003D7E9128978
:101D10004C462301C44643EA1C73444622018418FE
:101D20003C6041EB03037B60D7E90034C7E94434EE
:101D3000D7F81031184607F59477BD46BDE8B08F47
:101D40003A030020380300203603002080B584B019
:101D500000AF78603960FFF7ADFC0346002B25D15A
:101D6000184B1B681846FFF7EFFC03461846FEF7B2
:101D7000B5FF034614491846FFF7B8F803461A465C
:101D80007B681A60114B1B681846FFF71DFDF86051
:101D9000F868FEF79FFF03464FF087411846FFF7AC
:101DA000A5F803461A463B681A6007E07B684FF0C7
:101DB00000021A603B684FF000021A6000BF103743
:101DC000BD4680BD400300200000C84244030020FF
:101DD00090B589B004AF0446084611461A4623461A
:101DE000FB710346BB710B467B7113463B710023AD
:101DF000FB7364230322EC21434803F06FF903468D
:101E0000002B03D1414BEC221A800EE06423032205
:101E1000EE213D4803F062F90346002B03D13B4B12
:101E2000EE221A8001E009236AE0B623FB73374BE8
:101E300019884FF47A7302930123019307F10F037A
:101E400000930123E022304802F0DAFD0346002B24
:101E500001D0022354E0642001F092F9FFF778FBEF
:101E60000346002B01D001234AE097F904305B01BF
:101E70005AB297F920309B005BB213435BB2DBB2DE
:101E8000FB73224B19884FF47A7302930123019359
:101E900007F10F0300930123F5221B4802F0B0FD68
:101EA0000346002B01D003232AE00A2001F068F941
:101EB00097F907305B015AB297F906309B005BB285
:101EC00013435AB297F9053013435BB2DBB2FB738D
:101ED0000E4B19884FF47A7302930123019307F193
:101EE0000F0300930123F422074802F089FD034603
:101EF000002B01D0052303E0642001F041F9002309
:101F000018461437BD4690BD340200201000002052
:101F100080B584B002AF282001F032F90023FB71B4
:101F2000FA1D4FF47A73009301237021154802F0D3
:101F3000FBFA0346002B01D001231EE0FB7903F0DE
:101F40000803002B18D1104A3B1D12681146198056
:101F50000233120C1A703A1D4FF47A730093032364
:101F60007021084802F0E2F90346002B01D0022359
:101F700003E00A2001F004F9002318460837BD46A3
:101F800080BD00BF34020020C8BA000880B58AB006
:101F900002AF78603960394A07F1140312681146BC
:101FA00019800233120C1A7007F114024FF47A737D
:101FB000009303237021324802F0B8F90346002B46
:101FC00001D0012355E0502001F0DAF807F10C02AE
:101FD0004FF47A73009307237021294802F0A4FA82
:101FE0000346002B01D0022343E03B7B5BB2002B76
:101FF00001DA03233DE07B7B1A03BB7B1B01134308
:10200000FA7B1209D2B21343FB61FB7B1B0403F47E
:1020100070223B7C1B0213437A7C1343BB61F8693B
:10202000FEF758FE03464FF093411846FEF75EFF59
:10203000034614491846FEF7A5FE03461A467B6878
:102040001A60B869FEF746FE03464FF09341184602
:10205000FEF74CFF03460C491846FEF793FE034675
:102060000A491846FEF784FD03461A463B681A6083
:10207000002318462037BD4680BD00BFCCBA0008FB
:10208000340200200000C8420000484300004842DB
:1020900090B58BB002AF01F011F800F06BF900F0D1
:1020A000F9FA00F003FA00F02FFA00F0BDF900F0A1
:1020B0007BFA00F023FB04219A4804F065FC4FF002
:1020C00000033B614FF00003FB604FF00003BB6077
:1020D0004FF4FA73FB8300237B77924B1B684FF41A
:1020E000FA729A630423009300230322052102203D
:1020F000FFF76EFE78617B69002B0ED00021002077
:1021000000F064FC01228849884800F0F3FC00F0EC
:10211000B9FB4FF4FA6001F033F8FFF7F9FE03461C
:10212000002B0AD00021002000F050FC01227E4943
:102130007F4800F0DFFC00F0A5FBFFF7F1F9034654
:102140007C4A13607B4B1B6840F6E44203FB02F2BF
:10215000794BA3FB0213D21A52081344DB0A774AC5
:102160001360764B1B681846FEF7B4FD03467449AE
:102170001846FEF7BBFE03461A46724B1A604FF034
:1021800000037B6007F10C023B1D11461846FFF768
:10219000DDFD07F1100207F1080311461846FFF7AD
:1021A000F5FE0346002B01D07B683B613B69664925
:1021B0001846FEF7A3FF0346002B1AD07B7F002BA7
:1021C00017D1FB8B7B8309E0564B1B687A8B9A6394
:1021D000032000F0D5FF7B8B0A337B837B8B40F69B
:1021E000C4129342F0D940F6C413FB8301237B77DA
:1021F00022E03B6954491846FEF76CFF0346002B6A
:102200001AD07B7F002B17D0FB8B3B830AE03A8BE5
:10221000444B1B689A63032000F0B2FF3B8B0A3BE0
:102220009BB23B83B7F91830B3F5FA7FEFDA4FF47E
:10223000FA73FB8300237B77002000F051FB3B699E
:102240001846FEF7F1F802460B464049404805F0B3
:10225000FBFF0021002000F0B9FB01223D493C4872
:1022600000F048FCBB681846FEF7DEF802460B4655
:102270003949374805F0E8FF0C21002000F0A6FBA3
:1022800001223449324800F035FCFB6833491846D6
:10229000FEF72CFE03461846FEF7C6F802460B462C
:1022A0002F492B4805F0D0FF1821002000F08EFBAD
:1022B00001222849264800F01DFC204B1C68214BB8
:1022C0001B681846FEF7B0F802460B46CDE900231E
:1022D000224624491E4805F0B7FF2421002000F0C3
:1022E00075FB01221B491A4800F004FC7B7F002B80
:1022F00001D01D4B00E01D4B1A461D49144805F046
:10230000A3FF3221002000F061FB01221149104897
:1023100000F0F0FB00F0B6FA4FF47A7000F030FFF6
:102320000BE700BFD002002008000020D0BA000850
:10233000E0BA000818030020010110001C0300206F
:1023400000007A44200300200000C841ECBA0008D5
:102350004C03002000000020F8BA00080000C8422A
:1023600004BB000810BB000820BB000828BB000805
:1023700030BB000880B594B000AF07F128032822D5
:102380000021184605F0C5FF07F1140300221A606A
:102390005A609A60DA601A613B1D00221A605A6026
:1023A0009A60DA600123BB624FF48033FB62002342
:1023B0003B630123BB6302237B644FF48033BB6424
:1023C0004FF4E013FB6407F12803184603F0B8FC50
:1023D0000346002B01D000F08BF90F237B61022311
:1023E000BB610023FB614FF480633B6200237B628F
:1023F00007F114030221184603F024FF0346002BC3
:1024000001D000F075F902237B600023FB603B1DC7
:10241000184604F0A5F80346002B01D000F068F937
:1024200000BF5037BD4680BD80B584B000AF3B1DB6
:1024300000221A605A609A601A4B1B4A1A60194BA4
:1024400000229A60174B00221A73164B00221A754D
:10245000144B4FF46022DA61124B00225A60114B88
:1024600001221A610F4800F0AFFE0346002B01D095
:1024700000F03EF900237B600123BB600723FB6073
:102480003B1D1946074801F063F90346002B01D0B4
:1024900000F02EF9034801F0EFFA00BF1037BD46F7
:1024A00080BD00BF040200200024014080B500AFC1
:1024B000124B134A1A60114B124A5A600F4B0022FA
:1024C0009A600E4B0022DA600C4B4FF480421A6186
:1024D0000A4B00225A61094B00229A61074B0022E5
:1024E000DA61064B00221A62044801F0DBFD034664
:1024F000002B01D000F0FCF800BF80BD34020020AA
:1025000000540040801A060080B586B000AF07F185
:10251000080300221A605A609A60DA603B46002283
:102520001A605A601E4B1F4A1A601D4B47225A60A0
:102530001B4B00229A601A4B4FF6FF72DA60184B61
:1025400000221A61164B00225A61154B00229A6133
:10255000134804F071F90346002B01D000F0C8F8CD
:102560004FF48053BB6007F1080319460C4804F090
:102570006FFB0346002B01D000F0BAF800233B604C
:1025800000237B603B461946054804F0D9FE03460C
:10259000002B01D000F0ACF800BF1837BD4680BD5D
:1025A00088020020002C014080B58EB000AF07F1FA
:1025B000280300221A605A609A60DA6007F120034B
:1025C00000221A605A603B1D00221A605A609A600D
:1025D000DA601A615A619A612D4B4FF080421A609D
:1025E0002B4B47225A602A4B00229A60284B44F614
:1025F0001F62DA60264B00221A61254B00229A6185
:10260000234804F019F90346002B01D000F070F8BC
:102610004FF48053BB6207F1280319461C4804F0AD
:1026200017FB0346002B01D000F062F8184804F0B5
:1026300052F90346002B01D000F05AF800233B6208
:1026400000237B6207F120031946114804F078FE4D
:102650000346002B01D000F04BF860237B60002381
:10266000BB600023FB6000237B613B1D04221946F5
:10267000074804F02BFA0346002B01D000F038F88D
:10268000034800F0D1FB00BF3837BD4680BD00BF16
:10269000D002002080B485B000AF144B9B69134A70
:1026A00043F020039361114B9B6903F02003FB600F
:1026B000FB680E4B9B690D4A43F0040393610B4B7F
:1026C0009B6903F00403BB60BB68084B9B69074A26
:1026D00043F008039361054B9B6903F008037B609B
:1026E0007B6800BF1437BD4680BC704700100240B5
:1026F00080B400AF72B600BF00BFFDE780B582B006
:1027000000AF00F01DFA44F62063012278215B48F7
:1027100002F0E4FC0346002B01D00023A9E040F6C0
:10272000C4137B6002E07B68013B7B607B68002B0D
:10273000F9D1AE220021782000F07CFA202200217D
:10274000782000F077FA10220021782000F072FA49
:10275000B0220021782000F06DFAC82200217820F4
:1027600000F068FA00220021782000F063FA1022BD
:102770000021782000F05EFA40220021782000F04D
:1027800059FA81220021782000F054FAFF2200211A
:10279000782000F04FFAA1220021782000F04AFAB8
:1027A000A6220021782000F045FAA82200217820F6
:1027B00000F040FA3F220021782000F03BFAA422EA
:1027C0000021782000F036FAD3220021782000F092
:1027D00031FA00220021782000F02CFAD5220021C5
:1027E000782000F027FAF0220021782000F022FA69
:1027F000D9220021782000F01DFA22220021782021
:1028000000F018FADA220021782000F013FA1222E0
:102810000021782000F00EFADB220021782000F061
:1028200009FA20220021782000F004FA8D220021EC
:10283000782000F0FFF914220021782000F0FAF946
:10284000AF220021782000F0F5F92E220021782017
:1028500000F0F0F9002000F043F800F013F8084B06
:1028600000221A80064B00225A80054B01225A7121
:10287000012318460837BD4680BD00BF3402002042
:102880006007002080B582B000AF0023FB711DE01F
:10289000FB79503BDBB21A460021782000F0CAF9E0
:1028A00000220021782000F0C5F9102200217820B4
:1028B00000F0C0F9FB79DB01084A1A44802340216B
:1028C000782000F051F9FB790133FB71FB79072B7C
:1028D000DED900BF00BF0837BD4680BD60030020C1
:1028E00080B582B000AF0346FB71FB79002B01D1AC
:1028F000002300E0FF234FF480621946034805F0EF
:1029000008FD00BF0837BD4680BD00BF6003002042
:1029100080B483B000AF0346FB800B46BB801346F8
:10292000FB70FB887F2B48D8BB883F2B45D8254BB5
:102930001B79002B06D0FB78002B0CBF0123002352
:10294000DBB2FB70FB78012B1AD1FA88BB88DB085D
:1029500098B20346DB0113441B4AD35C5AB2BB88CE
:1029600003F00703012101FA03F35BB2134359B2E9
:10297000FA880346DB011344C9B2134AD1541DE05F
:10298000FA88BB88DB0898B20346DB0113440E4A81
:10299000D35C5AB2BB8803F00703012101FA03F3A9
:1029A0005BB2DB435BB2134059B2FA880346DB01EA
:1029B0001344C9B2044AD15400E000BF0C37BD46ED
:1029C00080BC7047600700206003002080B483B0A3
:1029D00000AF03460A46FB801346BB80054AFB88CE
:1029E0001380044ABB88538000BF0C37BD4680BCAF
:1029F000704700BF6007002080B586B000AF034677
:102A00003960FB711346BB71394B1B881A463B6812
:102A10001B7813447F2B07DC354B5B881A463B68D9
:102A20005B7813443F2B01DD00235DE000237B61D5
:102A30004BE03B685A68FB79203B3968497801FBD9
:102A400003F319467B690B445B0013441B88FB604E
:102A500000233B6130E0FA683B6902FA03F303F4B8
:102A60000043002B10D0224B1A883B699BB21344C1
:102A700098B21F4B5A887B699BB213449BB2BA79B8
:102A80001946FFF745FF14E0194B1A883B699BB2C2
:102A9000134498B2164B5A887B699BB2134499B27F
:102AA000BB79002B0CBF01230023DBB21A46FFF7D2
:102AB0002FFF3B6901333B613B681B781A463B693A
:102AC0009342C8D37B6901337B613B685B781A46CC
:102AD0007B699342ADD3064B1B883A681278134446
:102AE0009AB2034B1A80FB7918461837BD4680BD51
:102AF0006007002080B584B000AFF860B96013466D
:102B0000FB7112E0FB681B78FA79B9681846FFF789
:102B100073FF03461A46FB681B789A4202D0FB6893
:102B20001B7808E0FB680133FB60FB681B78002B17
:102B3000E8D1FB681B7818461037BD4680BD000001
:102B400080B483B000AF074B7B6002E07B68013B41
:102B50007B607B68002BF9D100BF00BF0C37BD46FE
:102B600080BC704790D0030090B5C7B002AF044658
:102B7000084607F58871A1F588710A60194607F5BE
:102B80008873A3F2091322461A7007F58873A3F518
:102B9000857302461A7007F58873A3F586730A4693
:102BA0001A8007F58873A3F5827307F58872A2F57A
:102BB000857212781A70002387F80F3115E097F8A4
:102BC0000F3107F58872A2F5887212681A4497F8D7
:102BD0000F310133117807F58872A2F58272D15452
:102BE00097F80F31013387F80F3197F80F319BB207
:102BF00007F58872A2F5867212889A42DFD807F527
:102C00008873A3F209131B7899B207F58873A3F5AB
:102C100086731B8801339BB207F10C020A200090D7
:102C2000034801F083FB00BF07F58A77BD4690BDDE
:102C30003402002080B586B002AF0346FB710B461C
:102C4000BB7113467B71BB793B737B797B73FB79DB
:102C500099B207F10C020A2300930223034801F002
:102C600065FB00BF1037BD4680BD00BF34020020A9
:102C700080B485B000AF154B9B69144A43F0010343
:102C80009361124B9B6903F00103BB60BB680F4B60
:102C9000DB690E4A43F08053D3610C4BDB6903F0D0
:102CA00080537B607B680A4B5B68FB60FB6823F0AA
:102CB000E063FB60FB6843F00073FB60044AFB6861
:102CC000536000BF1437BD4680BC704700100240FF
:102CD0000000014080B588B000AF786007F11003B4
:102CE00000221A605A609A60DA607B681B68144A96
:102CF000934221D1134B9B69124A43F400739361B1
:102D0000104B9B6903F40073FB60FB680D4B9B69E0
:102D10000C4A43F0040393610A4B9B6903F00403DC
:102D2000BB60BB6801233B6103237B6107F1100398
:102D30001946054801F032F800BF2037BD4680BD76
:102D400000240140001002400008014080B588B016
:102D500000AF786007F1100300221A605A609A6091
:102D6000DA607B681B68154A934223D1144B9B6938
:102D7000134A43F008039361114B9B6903F0080366
:102D8000FB60FB68C0233B6112237B610323FB6173
:102D900007F1100319460B4801F000F8084BDB69F6
:102DA000074A43F40013D361054BDB6903F40013B6
:102DB000BB60BB6800BF2037BD4680BD00540040EB
:102DC00000100240000C014080B485B000AF786074
:102DD0007B681B68124A93420CD1124B9B69114AC3
:102DE00043F4006393610F4B9B6903F40063FB6042
:102DF000FB6810E07B681B68B3F1804F0BD1094B77
:102E0000DB69084A43F00103D361064BDB6903F039
:102E10000103BB60BB6800BF1437BD4680BC704770
:102E2000002C01400010024080B588B000AF7860EF
:102E300007F1100300221A605A609A60DA607B681A
:102E40001B68B3F1804F17D10D4B9B690C4A43F0BF
:102E5000040393610A4B9B6903F00403FB60FB6866
:102E600002233B6102237B610223FB6107F1100314
:102E70001946044800F092FF00BF2037BD4680BDD0
:102E8000001002400008014080B400AF00BFFDE721
:102E900080B400AF00BFFDE780B400AF00BFFDE726
:102EA00080B400AF00BFFDE780B400AF00BFFDE716
:102EB00080B400AF00BFBD4680BC704780B400AF97
:102EC00000BFBD4680BC704780B400AF00BFBD46A8
:102ED00080BC704780B500AF00F036F900BF80BD00
:102EE00080B400AF01231846BD4680BC704780B552
:102EF00082B000AF7860396005F05EFA03461622B2
:102F00001A604FF0FF3318460837BD4680BD80B5C4
:102F100082B000AF78604FF0FF317868FFF7E7FFCD
:102F200000BFFDE780B586B000AFF860B9607A6099
:102F300000237B610AE0AFF300800146BB685A1CA6
:102F4000BA60CAB21A707B6901337B617A697B68A7
:102F50009A42F0DB7B6818461837BD4680BD80B5C5
:102F600086B000AFF860B9607A6000237B6109E049
:102F7000BB685A1CBA601B781846AFF300807B69A7
:102F800001337B617A697B689A42F1DB7B68184682
:102F90001837BD4680BD80B483B000AF78604FF075
:102FA000FF3318460C37BD4680BC704780B483B0F1
:102FB00000AF786039603B684FF400525A600023DC
:102FC00018460C37BD4680BC704780B483B000AF54
:102FD0007860012318460C37BD4680BC704780B42A
:102FE00085B000AFF860B9607A60002318461437E6
:102FF000BD4680BC7047000080B586B000AF7860E9
:10300000144A154BD31A7B617B693B61134B1B68D8
:10301000002B02D1114B124A1A60104B1A687B68C0
:1030200013443A699A4207D205F0C6F903460C22C6
:103030001A604FF0FF3309E0084B1B68FB60074B39
:103040001A687B681344054A1360FB6818461837F2
:10305000BD4680BD0050002000040000680700202D
:10306000C008002080B400AF00BFBD4680BC7047E0
:10307000FFF7F8FF0B480C490C4A002302E0D45834
:10308000C4500433C4188C42F9D3094A094C0023B4
:1030900001E013600432A242FBD305F093F9FEF77E
:1030A000F7FF704700000020E801002074D40008FA
:1030B000E8010020BC080020FEE7000080B500AF5A
:1030C000084B1B68074A43F010031360032000F00D
:1030D00031FE0F2000F008F8FFF7CAFD0023184664
:1030E00080BD00BF0020024080B582B000AF786094
:1030F000124B1A68124B1B7819464FF47A73B3FBC4
:10310000F1F3B2FBF3F3184600F03BFE0346002B4D
:1031100001D001230EE07B680F2B0AD800227968CA
:103120004FF0FF3000F011FE064A7B681360002369
:1031300000E0012318460837BD4680BD140000207A
:103140001C0000201800002080B400AF054B1B7845
:103150001A46054B1B681344034A136000BFBD4663
:1031600080BC70471C0000206C07002080B400AFBA
:10317000024B1B681846BD4680BC70476C07002098
:1031800080B584B000AF7860FFF7F0FFB8607B686F
:10319000FB60FB68B3F1FF3F05D00A4B1B781A4672
:1031A000FB681344FB6000BFFFF7E0FF0246BB680B
:1031B000D31AFA689A42F7D800BF00BF1037BD464D
:1031C00080BD00BF1C00002080B586B000AF7860D5
:1031D0000023FB7500233B610023BB600023FB60E1
:1031E0007B68002B01D10123BEE07B689B68002B2C
:1031F0007B689B6A002B09D17B680022DA627B68BE
:10320000002283F824207868FFF764FD786800F0D6
:10321000F1FB0346FB757B689B6A03F01003002BF0
:1032200040F09980FB7D002B40F095807B689B6A85
:1032300023F4885323F0020343F002027B689A626E
:103240007B685A687B68DB691A437B681B7B5B0081
:103250001343BA681343BB607B689B68B3F5807FF8
:1032600003D07B689B68012B02D14FF4807300E090
:1032700000233A6913433B617B681B7D012B19D105
:103280007B681B7B002B09D17B689B69013B5A0340
:103290003B69134343F400633B610BE07B689B6A2B
:1032A00043F020027B689A627B68DB6A43F001028C
:1032B0007B68DA627B681B685B6823F469417B6822
:1032C0001B683A690A435A607B681B689A68284BF6
:1032D00013407A681268B9680B4393607B689B68F7
:1032E000B3F5807F03D07B689B68012B04D17B689A
:1032F0001B69013B1B05FB607B681B68DB6A23F4D1
:1033000070017B681B68FA680A43DA627B681B6895
:103310009A68184B1340BA689A420BD17B68002216
:10332000DA627B689B6A23F0030343F001027B6847
:103330009A6218E07B689B6A23F0120343F0100244
:103340007B689A627B68DB6A43F001027B68DA6221
:103350000123FB7507E07B689B6A43F010027B68E2
:103360009A620123FB75FB7D18461837BD4680BD68
:10337000FDF7E1FFFE0E1FFF80B584B000AF78605F
:103380000023FB737B6893F82430012B01D10223C7
:1033900098E07B68012283F82420786800F0D0FA56
:1033A0000346FB73FB7B002B40F087807B689B6AA6
:1033B00023F4407323F0010343F480727B689A6224
:1033C0007B681B68414A934205D1414B5B6803F41B
:1033D0007023002B15D17B689B6A23F480127B68D5
:1033E0009A627B681B685B6803F48063002B26D0BD
:1033F0007B689B6A23F4405343F480527B689A6253
:103400001DE07B689B6A43F480127B689A627B684C
:103410001B682F4A934204D07B681B682B4A934257
:103420000DD12B4B5B6803F48063002B07D07B68C6
:103430009B6A23F4405343F480527B689A627B6812
:103440009B6A03F48053002B06D07B68DB6A23F071
:1034500006027B68DA6202E07B680022DA627B683F
:10346000002283F824207B681B686FF002021A6038
:103470007B681B689B6803F46023B3F5602F13D14E
:103480007B681B68114A934205D1114B5B6803F4BA
:103490007023002B08D17B681B689A687B681B68C7
:1034A00042F4A0029A600CE07B681B689A687B6813
:1034B0001B6842F480129A6003E07B68002283F864
:1034C0002420FB7B18461037BD4680BD00280140F4
:1034D0000024014080B584B000AF78600023FB7306
:1034E0007B6893F82430012B01D102231AE07B681A
:1034F000012283F82420786800F07CFA0346FB73ED
:10350000FB7B002B09D17B689B6A23F4885323F053
:10351000010343F001027B689A627B68002283F812
:103520002420FB7B18461037BD4680BD90B587B080
:1035300000AF7860396000237B610023FB600023CB
:103540003B61FFF713FE78617B681B689B6803F49F
:103550008073002B0BD07B689B6A43F020027B6852
:103560009A627B68002283F824200123D3E07B68E1
:103570001B685B6803F48073002B31D17B681B6888
:10358000DB6A03F47003002B2AD121E03B68B3F11E
:10359000FF3F1DD03B68002B07D0FFF7E7FD024639
:1035A0007B69D31A3A689A4212D27B681B681B68FF
:1035B00003F00203002B0BD17B689B6A43F00402EB
:1035C0007B689A627B68002283F824200323A2E0B0
:1035D0007B681B681B6803F00203002BD6D070E0E9
:1035E0004F4B1C68022003F071F80346B4FBF3F262
:1035F0007B681B6819694B4B0B40002B18D17B680B
:103600001B68D968484B0B40002B11D17B681B68A5
:103610001969464B0B40002B08D17B681B68D968A1
:10362000434B0B40002B01D1142320E029231EE043
:103630007B681B6819693D4B0B40002B06D17B68EA
:103640001B68D9683A4B0B40002B0DD07B681B6878
:103650001969384B0B40002B08D17B681B68D9686F
:10366000344B0B40002B01D1542300E0FC2302FB20
:1036700003F33B6121E03B68B3F1FF3F1AD03B68A5
:10368000002B07D0FFF772FD02467B69D31A3A6818
:103690009A420FD2FB683A699A420BD97B689B6ABF
:1036A00043F004027B689A627B68002283F824203E
:1036B000032330E0FB680133FB60FB683A699A4200
:1036C000D9D87B681B686FF012021A607B689B6A0E
:1036D00043F400727B689A627B681B689B6803F402
:1036E0006023B3F5602F15D17B681B7B002B11D1B4
:1036F0007B689B6A23F480727B689A627B689B6A12
:1037000003F48053002B05D17B689B6A43F00102D0
:103710007B689A62002318461C37BD4690BD00BFE7
:103720001400002024499224244992009224491232
:10373000922449004992240080B483B000AF78609D
:103740007B681B68DB6C18460C37BD4680BC704735
:1037500080B485B000AF786039600023FB7300232C
:10376000BB607B6893F82430012B01D10223DCE09D
:103770007B68012283F824203B685B68062B1CD8F9
:103780007B681B68596B3B685A6813469B0013445F
:10379000053B1F2202FA03F3DB4319403B6818681C
:1037A0003B685A6813469B001344053B00FA03F23A
:1037B0007B681B680A435A633CE03B685B680C2BE0
:1037C0001CD87B681B68196B3B685A6813469B00C2
:1037D0001344233B1F2202FA03F3DB4319403B68E7
:1037E00018683B685A6813469B001344233B00FA51
:1037F00003F27B681B680A431A631BE07B681B6843
:10380000D96A3B685A6813469B001344413B1F2208
:1038100002FA03F3DB4319403B6818683B685A68B7
:1038200013469B001344413B00FA03F27B681B687C
:103830000A43DA623B681B68092B1CD97B681B684A
:10384000D9683B681A6813465B0013441E3B072285
:1038500002FA03F3DB4319403B6898683B681A6837
:1038600013465B0013441E3B00FA03F27B681B689F
:103870000A43DA6019E07B681B6819693B681A68BB
:1038800013465B001344072202FA03F3DB4319409B
:103890003B6898683B681A6813465B00134400FA5B
:1038A00003F27B681B680A431A613B681B68102B94
:1038B00003D03B681B68112B32D17B681B681D4A03
:1038C000934225D17B681B689B6803F40003002B9F
:1038D00026D17B681B689A687B681B6842F40002EB
:1038E0009A603B681B68102B1AD1134B1B68134A54
:1038F000A2FB03239A0C13469B0013445B00BB609E
:1039000002E0BB68013BBB60BB68002BF9D107E05C
:103910007B689B6A43F020027B689A620123FB73F9
:103920007B68002283F82420FB7B18461437BD46B1
:1039300080BC7047002401401400002083DE1B433C
:1039400080B584B000AF78600023FB600023BB60CB
:103950007B681B689B6803F00103012B40D07B68E8
:103960001B689A687B681B6842F001029A601F4BD3
:103970001B681F4AA2FB03239B0CBB6002E0BB68D1
:10398000013BBB60BB68002BF9D1FFF7EFFBF86090
:103990001FE0FFF7EBFB0246FB68D31A022B18D996
:1039A0007B681B689B6803F00103012B11D07B68C7
:1039B0009B6A43F010027B689A627B68DB6A43F083
:1039C00001027B68DA627B68002283F824200123ED
:1039D00007E07B681B689B6803F00103012BD8D1CB
:1039E000002318461037BD4680BD00BF14000020DC
:1039F00083DE1B4380B584B000AF78600023FB609A
:103A00007B681B689B6803F00103012B2ED17B6848
:103A10001B689A687B681B6822F001029A60FFF7B6
:103A2000A5FBF8601BE0FFF7A1FB0246FB68D31A79
:103A3000022B14D97B681B689B6803F00103012BE0
:103A40000DD17B689B6A43F010027B689A627B68A9
:103A5000DB6A43F001027B68DA62012307E07B68DE
:103A60001B689B6803F00103012BDCD00023184680
:103A70001037BD4680BD000090B587B000AF7860BC
:103A80000023FB750023FB607B6893F82430012B37
:103A900001D1022397E07B68012283F82420786813
:103AA000FFF7A8FF0346FB757868FFF749FF034659
:103AB000FB75FB7D002B40F081807B689B6A23F4C3
:103AC000885323F0020343F002027B689A62404B62
:103AD0001C68022002F0FAFD0346B4FBF3F35B001E
:103AE000FB6002E0FB68013BFB60FB68002BF9D147
:103AF0007B681B689A687B681B6842F008029A60C2
:103B0000FFF734FB38611BE0FFF730FB02463B69EF
:103B1000D31A0A2B14D97B681B689B6803F008032F
:103B2000002B0DD07B689B6A23F0120343F0100238
:103B30007B689A627B68002283F82420012342E09C
:103B40007B681B689B6803F00803002BDCD17B6853
:103B50001B689A687B681B6842F004029A60FFF752
:103B600005FB38611BE0FFF701FB02463B69D31AF6
:103B70000A2B14D97B681B689B6803F00403002B95
:103B80000DD07B689B6A23F0120343F010027B6820
:103B90009A627B68002283F82420012313E07B686B
:103BA0001B689B6803F00403002BDCD17B689B6AD5
:103BB00023F0030343F001027B689A627B680022D2
:103BC00083F82420FB7D18461C37BD4690BD00BFFE
:103BD0001400002080B485B000AF78607B6803F0EB
:103BE0000703FB600C4BDB68BB60BA684FF6FF0352
:103BF0001340BB60FB681A02BB68134343F0BF630A
:103C000043F40033BB60044ABB68D36000BF143781
:103C1000BD4680BC704700BF00ED00E080B400AF3F
:103C2000044BDB681B0A03F007031846BD4680BC43
:103C3000704700BF00ED00E080B483B000AF0346E2
:103C40003960FB7197F90730002B0ADB3B68DAB269
:103C50000C4997F907301201D2B20B4483F80023C4
:103C60000AE03B68DAB20849FB7903F00F03043B32
:103C70001201D2B20B441A7600BF0C37BD4680BC8D
:103C8000704700BF00E100E000ED00E080B489B0C3
:103C900000AFF860B9607A60FB6803F00703FB616E
:103CA000FB69C3F10703042B28BF0423BB61FB6935
:103CB0000433062B02D9FB69033B00E000237B6140
:103CC0004FF0FF32BB6902FA03F3DA43BB681A40D4
:103CD0007B699A404FF0FF317B6901FA03F3D943C6
:103CE0007B680B40134318462437BD4680BC7047A1
:103CF00080B582B000AF78607B68013BB3F1807F14
:103D000001D301230FE00A4A7B68013B53600F2176
:103D10004FF0FF30FFF790FF054B00229A60044BF5
:103D200007221A60002318460837BD4680BD00BF31
:103D300010E000E080B582B000AF78607868FFF7EF
:103D400049FF00BF0837BD4680BD80B586B000AFD3
:103D50000346B9607A60FB7300237B61FFF75EFF67
:103D600078617A68B9687869FFF790FF024697F939
:103D70000F3011461846FFF75FFF00BF1837BD46EA
:103D800080BD80B582B000AF78607868FFF7B0FF83
:103D9000034618460837BD4680BD000080B48BB08E
:103DA00000AF7860396000237B6200233B6269E1E9
:103DB00001227B6A02FA03F3FB613B681B68FA6924
:103DC0001340BB61BA69FB699A4240F058813B6875
:103DD0005B689A4A93425ED0984A934275D8984A53
:103DE000934258D0964A93426FD8964A934252D003
:103DF000944A934269D8944A93424CD0924A93424F
:103E000063D8924A934246D0904A93425DD8122B8F
:103E10002AD8122B59D801A252F823F0973E000855
:103E2000713E0008833E0008C53E0008CB3E0008F6
:103E3000CB3E0008CB3E0008CB3E0008CB3E00083E
:103E4000CB3E0008CB3E0008CB3E0008CB3E00082E
:103E5000CB3E0008CB3E0008CB3E0008CB3E00081E
:103E6000793E00088D3E0008794A934213D02CE039
:103E70003B68DB683B6229E03B68DB6804333B62FC
:103E800024E03B68DB6808333B621FE03B68DB688B
:103E90000C333B621AE03B689B68002B02D1042381
:103EA0003B6213E03B689B68012B05D108233B6212
:103EB0007B68FA691A6109E008233B627B68FA694A
:103EC0005A6103E000233B6200E000BFBB69FF2BA7
:103ED00001D87B6801E07B6804337B61BB69FF2B01
:103EE00002D87B6A9B0002E07B6A083B9B003B6137
:103EF0007B691A680F213B6901FA03F3DB431A401F
:103F0000396A3B6901FA03F31A437B691A603B681B
:103F10005B6803F08053002B00F0B1804D4B9B6930
:103F20004C4A43F0010393614A4B9B6903F0010340
:103F3000BB60BB68484A7B6A9B08023352F8233057
:103F4000FB607B6A03F003039B000F2202FA03F37A
:103F5000DB43FA681340FB607B68404A934213D00E
:103F60007B683F4A93420DD07B683E4A934207D01C
:103F70007B683D4A934201D1032306E0042304E019
:103F8000022302E0012300E000237A6A02F0030228
:103F900092009340FA681343FB602F497B6A9B08A9
:103FA0000233FA6841F823203B685B6803F480130E
:103FB000002B06D02D4B9A682C49BB6913438B60AC
:103FC00006E02A4B9A68BB69DB43284913408B60A3
:103FD0003B685B6803F40013002B06D0234BDA68C0
:103FE0002249BB691343CB6006E0204BDA68BB690A
:103FF000DB431E491340CB603B685B6803F400332E
:10400000002B06D0194B5A681849BB6913434B6003
:1040100006E0164B5A68BB69DB43144913404B60FA
:104020003B685B6803F48033002B21D00F4B1A6888
:104030000E49BB6913430B6021E000BF0000321042
:1040400000003110000022100000211000001210AA
:104050000000111000100240000001400008014063
:10406000000C014000100140001401400004014018
:104070000B4B1A68BB69DB43094913400B607B6A31
:1040800001337B623B681A687B6A22FA03F3002BD8
:104090007FF48EAE00BF00BF2C37BD4680BC70479A
:1040A0000004014080B584B000AF78607B68002BCD
:1040B00001D101232BE17B6893F83D30DBB2002B6B
:1040C00006D17B68002283F83C207868FEF73EFE2C
:1040D0007B68242283F83D207B681B681A687B6814
:1040E0001B6822F001021A607B681B681A687B68F3
:1040F0001B6842F400421A607B681B681A687B6880
:104100001B6822F400421A6002F0E4F9F8607B6850
:104110005B68814A934207D8FB68804A934294BF08
:1041200001230023DBB206E0FB687D4A934294BF83
:1041300001230023DBB2002B01D00123E7E0FB6861
:10414000784AA2FB03239B0CBB607B681B685B68FF
:1041500023F03F017B681B68BA680A435A607B689A
:104160001B681B6A23F03F017B685B686A4A9342C5
:1041700002D8BB68013309E0BB684FF4967202FBBA
:1041800003F3694AA2FB03239B0901337A6812688F
:104190000B4313627B681B68DB6923F44F4222F0F8
:1041A000FF027B685B685C498B4219D8FB68591E2B
:1041B0007B685B685B00B1FBF3F3591C40F6FC7352
:1041C0000B40002B0AD0FB68591E7B685B685B00C4
:1041D000B1FBF3F30133C3F30B0351E004234FE0CE
:1041E0007B689B68002B11D1FB68581E7B6859685F
:1041F0000B465B000B44B0FBF3F30133C3F30B033B
:10420000002B0CBF01230023DBB212E0FB68581E19
:104210007B6859680B469B000B4499000B44B0FB2C
:10422000F3F30133C3F30B03002B0CBF0123002373
:10423000DBB2002B01D0012322E07B689B68002BBE
:104240000ED1FB68581E7B6859680B465B000B4417
:10425000B0FBF3F30133C3F30B0343F400430FE06C
:10426000FB68581E7B6859680B469B000B449900FD
:104270000B44B0FBF3F30133C3F30B0343F44043AC
:10428000796809681343CB617B681B681B6823F05E
:10429000C0017B68DA697B681B6A1A437B681B680C
:1042A0000A431A607B681B689B6823F4034323F06E
:1042B000FF037A6811697A68D26811437A681268D4
:1042C0000B4393607B681B68DB6823F0FF017B680E
:1042D0005A697B689B691A437B681B680A43DA60EA
:1042E0007B681B681A687B681B6842F001021A60D1
:1042F0007B6800221A647B68202283F83D207B685B
:1043000000221A637B68002283F83E2000231846AF
:104310001037BD4680BD00BFA08601007F841E000F
:10432000FF083D0083DE1B43D34D621080B588B08B
:1043300002AFF8607A601A460B467B8113463B81D8
:10434000FEF714FF7861FB6893F83D30DBB2202B59
:1043500040F0E0807B690093192301227049F868DE
:1043600001F0B8FA0346002B01D00223D3E0FB682A
:1043700093F83C30012B01D10223CCE0FB680122F1
:1043800083F83C20FB681B681B6803F00103012BCA
:1043900007D0FB681B681A68FB681B6842F00102C3
:1043A0001A60FB681B681A68FB681B6822F40062CD
:1043B0001A60FB68212283F83D20FB68102283F8F5
:1043C0003E20FB6800221A64FB687A685A62FB6828
:1043D0003A895A85FB685B8D9AB2FB681A85FB683F
:1043E000504ADA6279897B693A6AF86800F0A4FF7A
:1043F0000346002B01D001238DE000233B61FB68C5
:104400001B685B693B61FB681B689B693B613B699F
:1044100066E07A69396AF86801F076FB0346002B9A
:104420000DD0FB681B6C042B07D1FB681B681A6856
:10443000FB681B6842F400721A6001236BE0FB68A2
:104440005B6A1A78FB681B681A61FB685B6A5A1C16
:10445000FB685A62FB685B8D9BB2013B9AB2FB68BA
:104460005A85FB681B8D013B9AB2FB681A85FB6875
:104470001B685B6903F00403042B1BD1FB681B8DD5
:10448000002B17D0FB685B6A1A78FB681B681A61FF
:10449000FB685B6A5A1CFB685A62FB685B8D9BB2C7
:1044A000013B9AB2FB685A85FB681B8D013B9AB2AF
:1044B000FB681A857A69396AF86801F06DFB034672
:1044C000002B0DD0FB681B6C042B07D1FB681B680D
:1044D0001A68FB681B6842F400721A6001231AE034
:1044E000FB681B8D002B94D1FB681B681A68FB6866
:1044F0001B6842F400721A60FB68202283F83D209A
:10450000FB68002283F83E20FB68002283F83C20F1
:10451000002300E0022318461837BD4680BD00BFC7
:10452000020010000000FFFF80B58CB002AFF86001
:104530007A601A460B467B8113463B8100233B621F
:10454000FEF714FE7862FB6893F83D30DBB2202B57
:1045500040F04B827B6A0093192301227F49F8685F
:1045600001F0B8F90346002B01D002233EE2FB68BC
:1045700093F83C30012B01D1022337E2FB68012282
:1045800083F83C20FB681B681B6803F00103012BC8
:1045900007D0FB681B681A68FB681B6842F00102C1
:1045A0001A60FB681B681A68FB681B6822F40062CB
:1045B0001A60FB68222283F83D20FB68102283F8F2
:1045C0003E20FB6800221A64FB687A685A62FB6826
:1045D0003A895A85FB685B8D9AB2FB681A85FB683D
:1045E0005F4ADA6279897B6A3A6BF86800F026FFE5
:1045F0000346002B01D00123F8E1FB681B8D002B43
:1046000013D10023FB61FB681B685B69FB61FB68DE
:104610001B689B69FB61FB69FB681B681A68FB6888
:104620001B6842F400721A60CCE1FB681B8D012B01
:104630001ED1FB681B681A68FB681B6822F4806245
:104640001A6072B600BF0023BB61FB681B685B6920
:10465000BB61FB681B689B69BB61BB69FB681B682E
:104660001A68FB681B6842F400721A6062B635E093
:10467000FB681B8D022B1ED1FB681B681A68FB6848
:104680001B6842F400621A6072B600BF00237B61AF
:10469000FB681B685B697B61FB681B689B697B61CE
:1046A0007B69FB681B681A68FB681B6822F48062E0
:1046B0001A6062B612E0FB681B681A68FB681B6828
:1046C00042F480621A6000233B61FB681B685B69EF
:1046D0003B61FB681B689B693B613B6972E1FB685E
:1046E0001B8D032B00F21F81FB681B8D012B23D137
:1046F0007A6A396BF86801F097FA0346002B01D00B
:10470000012373E1FB681B681A69FB685B6AD2B21C
:104710001A70FB685B6A5A1CFB685A62FB681B8D47
:10472000013B9AB2FB681A85FB685B8D9BB2013B2B
:104730009AB2FB685A8545E1FB681B8D022B52D16A
:104740007B6A00933B6B00220649F86801F0C2F8CF
:104750000346002B08D0012348E100BF02001000EF
:104760000000FFFF0400010072B600BFFB681B6879
:104770001A68FB681B6842F400721A60FB681B68C9
:104780001A69FB685B6AD2B21A70FB685B6A5A1CD2
:10479000FB685A62FB681B8D013B9AB2FB681A8565
:1047A000FB685B8D9BB2013B9AB2FB685A8562B68F
:1047B00000BFFB681B681A69FB685B6AD2B21A709B
:1047C000FB685B6A5A1CFB685A62FB681B8D013BE5
:1047D0009AB2FB681A85FB685B8D9BB2013B9AB26B
:1047E000FB685A85EEE07B6A00933B6B00228149AF
:1047F000F86801F06FF80346002B01D00123F5E0C3
:10480000FB681B681A68FB681B6822F480621A60E8
:1048100072B600BFFB681B681A69FB685B6AD2B29C
:104820001A70FB685B6A5A1CFB685A62FB681B8D36
:10483000013B9AB2FB681A85FB685B8D9BB2013B1A
:104840009AB2FB685A856C4B1B68DB086B4AA2FB6B
:1048500003231A0A13469B001344DA00D31A3B625F
:104860003B6A013B3B623B6A002B18D1FB6800228C
:104870001A63FB68202283F83D20FB68002283F83E
:104880003E20FB681B6C43F02002FB681A6462B692
:1048900000BFFB68002283F83C200123A6E0FB68F0
:1048A0001B685B6903F00403042BD9D1FB681B6808
:1048B0001A68FB681B6842F400721A60FB681B6888
:1048C0001A69FB685B6AD2B21A70FB685B6A5A1C91
:1048D000FB685A62FB681B8D013B9AB2FB681A8524
:1048E000FB685B8D9BB2013B9AB2FB685A8562B64E
:1048F00000BFFB681B681A69FB685B6AD2B21A705A
:10490000FB685B6A5A1CFB685A62FB681B8D013BA3
:104910009AB2FB681A85FB685B8D9BB2013B9AB229
:10492000FB685A854EE07A6A396BF86801F07CF9C9
:104930000346002B01D0012358E0FB681B681A696D
:10494000FB685B6AD2B21A70FB685B6A5A1CFB6830
:104950005A62FB681B8D013B9AB2FB681A85FB68A3
:104960005B8D9BB2013B9AB2FB685A85FB681B6862
:104970005B6903F00403042B24D1FB681B8D032B1C
:1049800007D1FB681B681A68FB681B6822F4806209
:104990001A60FB681B681A69FB685B6AD2B21A70FE
:1049A000FB685B6A5A1CFB685A62FB681B8D013B03
:1049B0009AB2FB681A85FB685B8D9BB2013B9AB289
:1049C000FB685A85FB681B8D002B7FF488AEFB6863
:1049D000202283F83D20FB68002283F83E20FB68FC
:1049E000002283F83C20002300E0022318462837E9
:1049F000BD4680BD040001001400002089B5F814F4
:104A000080B588B002AFF860084611461A460346E2
:104A10007B810B463B811346FB80FEF7A7FB786149
:104A2000FB6893F83D30DBB2202B40F0D9807B69E6
:104A30000093192301226D49F86800F04BFF0346EB
:104A4000002B01D00223CCE0FB6893F83C30012B13
:104A500001D10223C5E0FB68012283F83C20FB68FA
:104A60001B681B6803F00103012B07D0FB681B6860
:104A70001A68FB681B6842F001021A60FB681B6839
:104A80001A68FB681B6822F400621A60FB68212226
:104A900083F83D20FB68402283F83E20FB6800221B
:104AA0001A64FB683A6A5A62FB68BA8C5A85FB68DA
:104AB0005B8D9AB2FB681A85FB684D4ADA62F8880A
:104AC0003A8979897B690193BB6A00930346F86848
:104AD00000F082FD0346002B52D0012381E07A6969
:104AE000B96AF86801F010F80346002B0DD0FB6896
:104AF0001B6C042B07D1FB681B681A68FB681B68DA
:104B000042F400721A6001236BE0FB685B6A1A785A
:104B1000FB681B681A61FB685B6A5A1CFB685A6277
:104B2000FB681B8D013B9AB2FB681A85FB685B8DA5
:104B30009BB2013B9AB2FB685A85FB681B685B69B4
:104B400003F00403042B1BD1FB681B8D002B17D033
:104B5000FB685B6A1A78FB681B681A61FB685B6A12
:104B60005A1CFB685A62FB681B8D013B9AB2FB68BA
:104B70001A85FB685B8D9BB2013B9AB2FB685A8534
:104B8000FB681B8D002BAAD17A69B96AF86801F01D
:104B900003F80346002B0DD0FB681B6C042B07D1D8
:104BA000FB681B681A68FB681B6842F400721A6095
:104BB000012316E0FB681B681A68FB681B6842F457
:104BC00000721A60FB68202283F83D20FB680022F7
:104BD00083F83E20FB68002283F83C20002300E09D
:104BE000022318461837BD4680BD00BF02001000E2
:104BF0000000FFFF80B58CB002AFF8600846114698
:104C00001A4603467B810B463B811346FB800023FB
:104C10003B62FEF7ABFA7862FB6893F83D30DBB29B
:104C2000202B40F050827B6A009319230122824995
:104C3000F86800F04FFE0346002B01D0022343E248
:104C4000FB6893F83C30012B01D102233CE2FB6866
:104C5000012283F83C20FB681B681B6803F00103FA
:104C6000012B07D0FB681B681A68FB681B6842F0C1
:104C700001021A60FB681B681A68FB681B6822F453
:104C800000621A60FB68222283F83D20FB68402204
:104C900083F83E20FB6800221A64FB683A6B5A6274
:104CA000FB68BA8E5A85FB685B8D9AB2FB681A85E1
:104CB000FB68624ADA62F8883A8979897B6A0193EB
:104CC000BB6B00930346F86800F01CFD0346002B05
:104CD00001D00123F8E1FB681B8D002B13D10023C9
:104CE000FB61FB681B685B69FB61FB681B689B6978
:104CF000FB61FB69FB681B681A68FB681B6842F470
:104D000000721A60CCE1FB681B8D012B1ED1FB6881
:104D10001B681A68FB681B6822F480621A6072B60E
:104D200000BF0023BB61FB681B685B69BB61FB685C
:104D30001B689B69BB61BB69FB681B681A68FB68E1
:104D40001B6842F400721A6062B635E0FB681B8D86
:104D5000022B1ED1FB681B681A68FB681B6842F4B3
:104D600000621A6072B600BF00237B61FB681B689B
:104D70005B697B61FB681B689B697B617B69FB6886
:104D80001B681A68FB681B6822F480621A6062B6AE
:104D900012E0FB681B681A68FB681B6842F48062BB
:104DA0001A6000233B61FB681B685B693B61FB6821
:104DB0001B689B693B613B6972E1FB681B8D032BA0
:104DC00000F21F81FB681B8D012B23D17A6AB96B1E
:104DD000F86800F029FF0346002B01D0012373E19E
:104DE000FB681B681A69FB685B6AD2B21A70FB68C1
:104DF0005B6A5A1CFB685A62FB681B8D013B9AB2C6
:104E0000FB681A85FB685B8D9BB2013B9AB2FB681D
:104E10005A8545E1FB681B8D022B52D17B6A0093BA
:104E2000BB6B00220649F86800F054FD0346002BD6
:104E300008D0012348E100BF020010000000FFFF7E
:104E40000400010072B600BFFB681B681A68FB68AB
:104E50001B6842F400721A60FB681B681A69FB68E1
:104E60005B6AD2B21A70FB685B6A5A1CFB685A62B2
:104E7000FB681B8D013B9AB2FB681A85FB685B8D52
:104E80009BB2013B9AB2FB685A8562B600BFFB68D1
:104E90001B681A69FB685B6AD2B21A70FB685B6AAE
:104EA0005A1CFB685A62FB681B8D013B9AB2FB6877
:104EB0001A85FB685B8D9BB2013B9AB2FB685A85F1
:104EC000EEE07B6A0093BB6B00228149F86800F03A
:104ED00001FD0346002B01D00123F5E0FB681B68B0
:104EE0001A68FB681B6822F480621A6072B600BF01
:104EF000FB681B681A69FB685B6AD2B21A70FB68B0
:104F00005B6A5A1CFB685A62FB681B8D013B9AB2B4
:104F1000FB681A85FB685B8D9BB2013B9AB2FB680C
:104F20005A856C4B1B68DB086B4AA2FB03231A0AE9
:104F300013469B001344DA00D31A3B623B6A013BE1
:104F40003B623B6A002B18D1FB6800221A63FB68A6
:104F5000202283F83D20FB68002283F83E20FB6876
:104F60001B6C43F02002FB681A6462B600BFFB684A
:104F7000002283F83C200123A6E0FB681B685B69E4
:104F800003F00403042BD9D1FB681B681A68FB6883
:104F90001B6842F400721A60FB681B681A69FB68A0
:104FA0005B6AD2B21A70FB685B6A5A1CFB685A6271
:104FB000FB681B8D013B9AB2FB681A85FB685B8D11
:104FC0009BB2013B9AB2FB685A8562B600BFFB6890
:104FD0001B681A69FB685B6AD2B21A70FB685B6A6D
:104FE0005A1CFB685A62FB681B8D013B9AB2FB6836
:104FF0001A85FB685B8D9BB2013B9AB2FB685A85B0
:105000004EE07A6AB96BF86800F00EFE0346002B9A
:1050100001D0012358E0FB681B681A69FB685B6AD2
:10502000D2B21A70FB685B6A5A1CFB685A62FB6852
:105030001B8D013B9AB2FB681A85FB685B8D9BB2A6
:10504000013B9AB2FB685A85FB681B685B6903F0F9
:105050000403042B24D1FB681B8D032B07D1FB68B1
:105060001B681A68FB681B6822F480621A60FB6880
:105070001B681A69FB685B6AD2B21A70FB685B6ACC
:105080005A1CFB685A62FB681B8D013B9AB2FB6895
:105090001A85FB685B8D9BB2013B9AB2FB685A850F
:1050A000FB681B8D002B7FF488AEFB68202283F801
:1050B0003D20FB68002283F83E20FB68002283F835
:1050C0003C20002300E0022318462837BD4680BD5F
:1050D000040001001400002089B5F81480B58AB0DE
:1050E00002AFF8607A603B600B467B81FEF73EF8CA
:1050F000F8610023BB61FB6893F83D30DBB2202BE5
:1051000040F01181FB690093192301228849F86856
:1051100000F0E0FB0346002B01D0022304E1FB6812
:1051200093F83C30012B01D10223FDE0FB68012202
:1051300083F83C20FB681B681B6803F00103012B0C
:1051400007D0FB681B681A68FB681B6842F0010205
:105150001A60FB681B681A68FB681B6822F400620F
:105160001A60FB68242283F83D20FB6800221A6441
:10517000FB68704ADA62FB681B681A68FB681B6888
:1051800042F480721A60FB6900933B6800224FF082
:105190000111F86800F09EFB0346002B0DD0FB6860
:1051A0001B681B6803F48073B3F5807F03D1FB6831
:1051B0004FF400721A640323B6E07B89DBB21A460F
:1051C000FB681B6802F0FE021A61FDF7CFFFF86171
:1051D000FB681B685B6903F00203022B0CBF012311
:1051E0000023DBB2FB75FB681B685B6903F480631B
:1051F000B3F5806F0CBF01230023DBB2BB7525E044
:10520000FDF7B4FF0246FB69D31A3A689A4202D30B
:105210003B68002B03D1FB68A02283F83D20FB688C
:105220001B685B6903F00203022B0CBF0123002300
:10523000DBB2FB75FB681B685B6903F48063B3F545
:10524000806F0CBF01230023DBB2BB75FB6893F8B2
:105250003D30DBB2A02B05D0FB7D002B02D1BB7D06
:10526000002BCDD0FB68202283F83D20FB681B6813
:105270005B6903F00203022B29D1FB681B681A68E3
:10528000FB681B6842F400721A6000233B61FB68F4
:105290001B685B693B61FB681B689B693B613B6901
:1052A000FB690093192301222149F86800F012FBE1
:1052B0000346002B01D0012336E0FB68202283F84F
:1052C0003D20FB68002283F83C2000232CE0FB6893
:1052D0001B681A68FB681B6842F400721A60FB685E
:1052E0001B686FF480625A61FB69009319230122E5
:1052F0000F49F86800F0EEFA0346002B01D00123B5
:1053000012E0BB690133BB61BA697B689A42FFF462
:1053100032AFFB68202283F83D20FB68002283F82F
:105320003C20012300E0022318462037BD4680BD03
:10533000020010000000FFFF80B588B002AFF860E7
:105340007A603B600B467B81FB68DB6A7B617B6933
:10535000082B06D07B69012B03D07B6913F5803FB6
:1053600008D1FB681B681A68FB681B6842F48072EE
:105370001A600BE0FB681B6B122B07D1FB681B68E4
:105380001A68FB681B6842F480721A603B680093DD
:105390007B6800224FF00111F86800F09BFA034689
:1053A000002B0DD0FB681B681B6803F48073B3F5FA
:1053B000807F03D1FB684FF400721A64032335E049
:1053C000FB681B69B3F5804F08D17B89DBB21A46B5
:1053D000FB681B6802F0FE021A611BE07B89DB118F
:1053E000DBB203F00603DBB263F00F03DAB2FB6853
:1053F0001B681A613B687A680E49F86800F0E4FAA5
:105400000346002B01D0012310E07B89DAB2FB6850
:105410001B681A613B687A680749F86800F0D4FA9B
:105420000346002B01D0012300E000231846183763
:10543000BD4680BD080001000200010080B588B0B3
:1054400002AFF8607A603B600B467B81FB68DB6AE9
:105450007B61FB681B681A68FB681B6842F480620A
:105460001A607B69082B06D07B69012B03D07B690E
:1054700013F5803F08D1FB681B681A68FB681B683E
:1054800042F480721A600BE0FB681B6B112B07D192
:10549000FB681B681A68FB681B6842F480721A601C
:1054A0003B6800937B6800224FF00111F86800F020
:1054B00011FA0346002B0DD0FB681B681B6803F430
:1054C0008073B3F5807F03D1FB684FF400721A64D8
:1054D000032379E0FB681B69B3F5804F08D17B8912
:1054E000DBB243F00103DAB2FB681B681A615FE0CC
:1054F0007B89DB11DBB203F00603DBB263F00F0341
:10550000DAB2FB681B681A613B687A683049F86850
:1055100000F05AFA0346002B01D0012354E07B89A6
:10552000DAB2FB681B681A613B687A682949F86837
:1055300000F04AFA0346002B01D0012344E0002387
:105540003B61FB681B685B693B61FB681B689B698F
:105550003B613B69FB681B681A68FB681B6842F487
:1055600080721A603B6800937B6800224FF0011143
:10557000F86800F0AFF90346002B0DD0FB681B68FC
:105580001B6803F48073B3F5807F03D1FB684FF48D
:1055900000721A64032317E07B89DB11DBB203F08E
:1055A0000603DBB263F00E03DAB2FB681B681A6114
:1055B0003B687A680749F86800F006FA0346002B52
:1055C00001D0012300E0002318461837BD4680BDF6
:1055D000080001000200010080B588B002AFF86049
:1055E000084611461A4603467B810B463B8113460B
:1055F000FB80FB681B681A68FB681B6842F48072BA
:105600001A607B6A00933B6A00224FF00111F86830
:1056100000F060F90346002B0DD0FB681B681B6887
:1056200003F48073B3F5807F03D1FB684FF40072FD
:105630001A6403235FE07B89DBB21A46FB681B68B0
:1056400002F0FE021A617B6A3A6A2D49F86800F09E
:10565000BBF90346002B01D001234CE000237B6102
:10566000FB681B685B697B61FB681B689B697B61EE
:105670007B697A6A396AF86800F046FA0346002BBB
:105680000DD0FB681B6C042B07D1FB681B681A68E4
:10569000FB681B6842F400721A6001232BE0FB8850
:1056A000012B05D13B89DAB2FB681B681A6121E046
:1056B0003B891B0A9BB2DAB2FB681B681A617A6AE3
:1056C000396AF86800F020FA0346002B0DD0FB6819
:1056D0001B6C042B07D1FB681B681A68FB681B68EE
:1056E00042F400721A60012305E03B89DAB2FB68DC
:1056F0001B681A61002318461837BD4680BD00BFDD
:105700000200010080B588B002AFF860084611467B
:105710001A4603467B810B463B811346FB80FB68A0
:105720001B681A68FB681B6842F480621A60FB6899
:105730001B681A68FB681B6842F480721A607B6AF7
:1057400000933B6A00224FF00111F86800F0C2F8A4
:105750000346002B0DD0FB681B681B6803F48073A5
:10576000B3F5807F03D1FB684FF400721A64032302
:10577000AAE07B89DBB21A46FB681B6802F0FE02D6
:105780001A617B6A3A6A5249F86800F01DF90346CB
:10579000002B01D0012397E000237B61FB681B688D
:1057A0005B697B61FB681B689B697B617B697A6ACB
:1057B000396AF86800F0A8F90346002B0DD0FB68A1
:1057C0001B6C042B07D1FB681B681A68FB681B68FD
:1057D00042F400721A60012376E0FB88012B05D1A8
:1057E0003B89DAB2FB681B681A6121E03B891B0A1E
:1057F0009BB2DAB2FB681B681A617A6A396AF86888
:1058000000F082F90346002B0DD0FB681B6C042BC3
:1058100007D1FB681B681A68FB681B6842F40072BA
:105820001A60012350E03B89DAB2FB681B681A61F9
:105830007A6A396AF86800F067F90346002B0DD0E0
:10584000FB681B6C042B07D1FB681B681A68FB689C
:105850001B6842F400721A60012335E0FB681B6884
:105860001A68FB681B6842F480721A607B6A0093B6
:105870003B6A00224FF00111F86800F02BF8034654
:10588000002B0DD0FB681B681B6803F48073B3F515
:10589000807F03D1FB684FF400721A64032313E086
:1058A0007B89DBB243F00103DAB2FB681B681A6143
:1058B0007B6A3A6A0649F86800F086F80346002BCE
:1058C00001D0012300E0002318461837BD4680BDF3
:1058D0000200010080B584B000AFF860B9603B60A1
:1058E0001346FB7148E03B68B3F1FF3F44D0FDF73E
:1058F0003DFC0246BB69D31A3A689A4202D33B6820
:10590000002B39D1BB681B0CDBB2012B0DD1FB681E
:105910001B685B69DA43BB6813409BB2002B0CBF6A
:1059200001230023DBB21A460CE0FB681B689B696D
:10593000DA43BB6813409BB2002B0CBF012300234A
:10594000DBB21A46FB799A4216D1FB6800221A6331
:10595000FB68202283F83D20FB68002283F83E206C
:10596000FB681B6C43F02002FB681A64FB68002292
:1059700083F83C20012323E0BB681B0CDBB2012B26
:105980000DD1FB681B685B69DA43BB6813409BB2AF
:10599000002B0CBF01230023DBB21A460CE0FB688E
:1059A0001B689B69DA43BB6813409BB2002B0CBF9A
:1059B00001230023DBB21A46FB799A4293D00023DD
:1059C00018461037BD4680BD80B584B000AFF86082
:1059D000B9607A603B6071E0FB681B685B6903F447
:1059E0008063B3F5806F23D1FB681B681A68FB687E
:1059F0001B6842F400721A60FB681B686FF48062D7
:105A00005A61FB6800221A63FB68202283F83D205C
:105A1000FB68002283F83E20FB681B6C43F0040205
:105A2000FB681A64FB68002283F83C20012367E0CE
:105A30007B68B3F1FF3F41D0FDF798FB02463B681E
:105A4000D31A7A689A4202D37B68002B36D1BB689E
:105A50001B0CDBB2012B0CD1FB681B685B69DA43C2
:105A6000BB6813409BB2002B14BF01230023DBB2A1
:105A70000BE0FB681B689B69DA43BB6813409BB271
:105A8000002B14BF01230023DBB2002B16D0FB68D0
:105A900000221A63FB68202283F83D20FB68002265
:105AA00083F83E20FB681B6C43F02002FB681A64FD
:105AB000FB68002283F83C20012321E0BB681B0C1B
:105AC000DBB2012B0CD1FB681B685B69DA43BB6856
:105AD00013409BB2002B14BF01230023DBB20BE069
:105AE000FB681B689B69DA43BB6813409BB2002BC1
:105AF00014BF01230023DBB2002B7FF46DAF002322
:105B000018461037BD4680BD80B584B000AFF86040
:105B1000B9607A6034E0F86800F0E3F80346002BDF
:105B200001D0012334E0BB68B3F1FF3F28D0FDF77B
:105B30001DFB02467B68D31ABA689A4202D3BB683F
:105B4000002B1DD1FB681B685B6903F08003802B71
:105B500016D0FB6800221A63FB68202283F83D20E0
:105B6000FB68002283F83E20FB681B6C43F0200298
:105B7000FB681A64FB68002283F83C20012307E0DD
:105B8000FB681B685B6903F08003802BC3D1002393
:105B900018461037BD4680BD80B584B000AFF860B0
:105BA000B9607A6034E0F86800F09BF80346002B97
:105BB00001D0012334E0BB68B3F1FF3F28D0FDF7EB
:105BC000D5FA02467B68D31ABA689A4202D3BB68F8
:105BD000002B1DD1FB681B685B6903F00403042BD9
:105BE00016D0FB6800221A63FB68202283F83D2050
:105BF000FB68002283F83E20FB681B6C43F0200208
:105C0000FB681A64FB68002283F83C20012307E04C
:105C1000FB681B685B6903F00403042BC3D10023FA
:105C200018461037BD4680BD80B584B000AFF8601F
:105C3000B9607A6049E0FB681B685B6903F0100398
:105C4000102B19D1FB681B686FF010025A61FB68BA
:105C500000221A63FB68202283F83D20FB680022A3
:105C600083F83E20FB681A6CFB681A64FB6800220C
:105C700083F83C20012330E0FDF778FA02467B6888
:105C8000D31ABA689A4202D3BB68002B1DD1FB68B5
:105C90001B685B6903F04003402B16D0FB680022B1
:105CA0001A63FB68202283F83D20FB68002283F8FA
:105CB0003E20FB681B6C43F02002FB681A64FB6803
:105CC000002283F83C20012307E0FB681B685B6926
:105CD00003F04003402BAED1002318461037BD46D9
:105CE00080BD80B483B000AF78607B681B685B695F
:105CF00003F48063B3F5806F1BD17B681B686FF47E
:105D000080625A617B6800221A637B68202283F8D4
:105D10003D207B68002283F83E207B681B6C43F0AB
:105D200004027B681A647B68002283F83C2001230C
:105D300000E0002318460C37BD4680BC70470000C9
:105D400080B586B000AF78607B68002B01D101235D
:105D500072E27B681B6803F00103002B00F0878070
:105D6000924B5B6803F00C03042B0CD08F4B5B68E9
:105D700003F00C03082B12D18C4B5B6803F48033C7
:105D8000B3F5803F0BD1894B1B6803F40033002B24
:105D90006CD07B685B68002B68D101234CE27B6888
:105DA0005B68B3F5803F06D1804B1B687F4A43F4A4
:105DB000803313602EE07B685B68002B0CD17B4B3B
:105DC0001B687A4A23F480331360784B1B68774A48
:105DD00023F4802313601DE07B685B68B3F5A02F7C
:105DE0000CD1724B1B68714A43F4802313606F4BD4
:105DF0001B686E4A43F4803313600BE06B4B1B68E7
:105E00006A4A23F480331360684B1B68674A23F4A3
:105E1000802313607B685B68002B13D0FDF7A6F925
:105E2000386108E0FDF7A2F902463B69D31A642BFA
:105E300001D9032300E25D4B1B6803F40033002B00
:105E4000F0D014E0FDF792F9386108E0FDF78EF923
:105E500002463B69D31A642B01D90323ECE1534B6F
:105E60001B6803F40033002BF0D100E000BF7B6817
:105E70001B6803F00203002B63D04C4B5B6803F0FC
:105E80000C03002B0BD0494B5B6803F00C03082B71
:105E90001CD1464B5B6803F48033002B16D1434B77
:105EA0001B6803F00203002B05D07B681B69012BE4
:105EB00001D00123C0E13D4B1B6823F0F8027B6851
:105EC0005B69DB00394913430B603AE07B681B696F
:105ED000002B20D0364B01221A60FDF747F93861BC
:105EE00008E0FDF743F902463B69D31A022B01D9BA
:105EF0000323A1E12D4B1B6803F00203002BF0D01C
:105F00002A4B1B6823F0F8027B685B69DB0027499A
:105F100013430B6015E0264B00221A60FDF726F9AB
:105F2000386108E0FDF722F902463B69D31A022BDB
:105F300001D9032380E11D4B1B6803F00203002BF2
:105F4000F0D17B681B6803F00803002B3AD07B6814
:105F50009B69002B19D0174B01221A60FDF706F937
:105F6000386108E0FDF702F902463B69D31A022BBB
:105F700001D9032360E10D4B5B6A03F00203002BA0
:105F8000F0D0012000F0CEFA1CE00A4B00221A608B
:105F9000FDF7ECF838610FE0FDF7E8F802463B69E1
:105FA000D31A022B08D9032346E100BF0010024098
:105FB0000000424280044242924B5B6A03F00203BB
:105FC000002BE9D17B681B6803F00403002B00F071
:105FD000A6800023FB758B4BDB6903F08053002BFD
:105FE0000DD1884BDB69874A43F08053D361854BE1
:105FF000DB6903F08053BB60BB680123FB75824BF8
:106000001B6803F48073002B18D17F4B1B687E4AFA
:1060100043F480731360FDF7A9F8386108E0FDF7D9
:10602000A5F802463B69D31A642B01D9032303E187
:10603000754B1B6803F48073002BF0D07B68DB6822
:10604000012B06D16F4B1B6A6E4A43F001031362AA
:106050002DE07B68DB68002B0CD16A4B1B6A694A18
:1060600023F001031362674B1B6A664A23F00403A3
:1060700013621CE07B68DB68052B0CD1614B1B6A4B
:10608000604A43F0040313625E4B1B6A5D4A43F0AF
:10609000010313620BE05B4B1B6A5A4A23F00103B6
:1060A0001362584B1B6A574A23F0040313627B6840
:1060B000DB68002B15D0FDF759F838610AE0FDF7D1
:1060C00055F802463B69D31A41F28832934201D90E
:1060D0000323B1E04B4B1B6A03F00203002BEED00D
:1060E00014E0FDF743F838610AE0FDF73FF8024697
:1060F0003B69D31A41F28832934201D903239BE0D2
:10610000404B1B6A03F00203002BEED1FB7D012BF9
:1061100005D13C4BDB693B4A23F08053D3617B685C
:10612000DB69002B00F08780364B5B6803F00C03C3
:10613000082B61D07B68DB69022B46D1334B0022F0
:106140001A60FDF713F8386108E0FDF70FF8024612
:106150003B69D31A022B01D903236DE0294B1B683D
:1061600003F00073002BF0D17B681B6AB3F5803F0E
:1061700008D1244B5B6823F400327B689B6821497B
:1061800013434B601F4B5B6823F474127B68196ADE
:106190007B685B6A0B431B4913434B601B4B01221B
:1061A0001A60FCF7E3FF386108E0FCF7DFFF024606
:1061B0003B69D31A022B01D903233DE0114B1B6825
:1061C00003F00073002BF0D035E0104B00221A6072
:1061D000FCF7CCFF386108E0FCF7C8FF02463B69DA
:1061E000D31A022B01D9032326E0064B1B6803F0C8
:1061F0000073002BF0D11EE07B68DB69012B07D117
:10620000012319E00010024000700040600042428B
:106210000B4B5B68FB60FB6803F480327B681B6A96
:106220009A4206D1FB6803F470127B685B6A9A425B
:1062300001D0012300E0002318461837BD4680BD79
:106240000010024080B584B000AF786039607B6890
:10625000002B01D10123D0E06A4B1B6803F0070338
:106260003A689A4210D9674B1B6823F007026549C8
:106270003B6813430B60634B1B6803F007033A68EA
:106280009A4201D00123B8E07B681B6803F0020347
:10629000002B20D07B681B6803F00403002B05D083
:1062A000594B5B68584A43F4E06353607B681B6852
:1062B00003F00803002B05D0534B5B68524A43F4AC
:1062C00060535360504B5B6823F0F0027B689B681F
:1062D0004D4913434B607B681B6803F00103002B9F
:1062E00040D07B685B68012B07D1474B1B6803F4E8
:1062F0000033002B15D101237FE07B685B68022B04
:1063000007D1414B1B6803F00073002B09D1012317
:1063100073E03D4B1B6803F00203002B01D1012306
:106320006BE0394B5B6823F003027B685B6836499E
:1063300013434B60FCF71AFFF8600AE0FCF716FF06
:106340000246FB68D31A41F28832934201D90323F3
:1063500053E02D4B5B6803F00C027B685B689B008D
:106360009A42EBD1274B1B6803F007033A689A4225
:1063700010D2244B1B6823F0070222493B681343C9
:106380000B60204B1B6803F007033A689A4201D068
:10639000012332E07B681B6803F00403002B08D064
:1063A000194B5B6823F4E0627B68DB681649134392
:1063B0004B607B681B6803F00803002B09D0124B6D
:1063C0005B6823F460527B681B69DB000E49134352
:1063D0004B6000F021F802460B4B5B681B0903F091
:1063E0000F030A49CB5C22FA03F3094A1360094BF5
:1063F0001B681846FCF778FE002318461037BD4688
:1064000080BD00BF002002400010024000D0000804
:10641000140000201800002080B487B000AF0023D3
:10642000FB600023BB6000237B6100237B600023B3
:106430003B611E4B5B68FB60FB6803F00C03042BA5
:1064400002D0082B03D027E0194B3B6127E0FB6803
:106450009B0C03F00F03174AD35C7B60FB6803F4CB
:106460008033002B10D0114B5B685B0C03F00103F1
:10647000114AD35CBB607B680D4A03FB02F2BB6828
:10648000B2FBF3F37B6104E07B680C4A02FB03F38D
:106490007B617B693B6102E0054B3B6100BF3B696F
:1064A00018461C37BD4680BC704700BF0010024034
:1064B00000127A0018D0000828D0000800093D001A
:1064C00080B400AF024B1B681846BD4680BC7047C5
:1064D0001400002080B500AFFFF7F2FF0246054B25
:1064E0005B681B0A03F007030349CB5C22FA03F342
:1064F000184680BD0010024010D0000880B500AFE3
:10650000FFF7DEFF0246054B5B68DB0A03F007037B
:106510000349CB5C22FA03F3184680BD0010024009
:1065200010D0000880B485B000AF78600A4B1B68BB
:106530000A4AA2FB03235B0A7A6802FB03F3FB60AF
:1065400000BFFB685A1EFA60002BF9D100BF00BFE4
:106550001437BD4680BC704714000020D34D621034
:1065600080B586B000AF786000233B610023FB60FC
:106570007B681B6803F00103002B7DD00023FB75B3
:106580004F4BDB6903F08053002B0DD14C4BDB6983
:106590004B4A43F08053D361494BDB6903F080538E
:1065A000BB60BB680123FB75464B1B6803F480731B
:1065B000002B18D1434B1B68424A43F4807313608D
:1065C000FCF7D4FD386108E0FCF7D0FD02463B69DA
:1065D000D31A642B01D903236DE03A4B1B6803F4F3
:1065E0008073002BF0D0364B1B6A03F44073FB60C2
:1065F000FB68002B2ED07B685B6803F44073FA685D
:106600009A4227D02E4B1B6A23F44073FB602E4B1B
:1066100001221A602C4B00221A60294AFB6813627F
:10662000FB6803F00103002B14D0FCF79FFD3861D9
:106630000AE0FCF79BFD02463B69D31A41F288321F
:10664000934201D9032336E01D4B1B6A03F002037A
:10665000002BEED01A4B1B6A23F440727B685B68F8
:10666000174913430B62FB7D012B05D1144BDB69EA
:10667000134A23F08053D3617B681B6803F0020345
:10668000002B08D00E4B5B6823F440427B689B686C
:106690000B4913434B607B681B6803F01003002B0E
:1066A00008D0074B5B6823F480027B68DB680449F1
:1066B00013434B60002318461837BD4680BD00BF0A
:1066C00000100240007000404004424280B588B093
:1066D00000AF786000237B610023FB6100233B61F6
:1066E0000023FB600023BB617B68102B0AD07B6812
:1066F000102B00F28A807B68012B45D07B68022B2F
:1067000075D082E0464B5B68FB60454B1B6803F02D
:106710008073002B7BD0FB689B0C03F00F03414A76
:10672000D35C3B61FB6803F48033002B15D03C4BFA
:106730005B685B0C03F001033B4AD35C7B61FB6845
:1067400003F48033002B0DD0384A7B69B2FBF3F29F
:106750003B6902FB03F3FB6104E03B69344A02FB43
:1067600003F3FB612E4B5B6803F48003B3F5800FEA
:1067700002D1FB69BB614AE0FB695B002D4AA2FBC9
:1067800003235B08BB6142E0254B1B6AFB60FB688F
:1067900003F44073B3F5807F08D1FB6803F0020374
:1067A000002B03D04FF40043BB611FE0FB6803F4F0
:1067B0004073B3F5007F09D1194B5B6A03F0020304
:1067C000002B03D049F64043BB610FE0FB6803F4A4
:1067D0004073B3F5407F1CD1114B1B6803F40033A9
:1067E000002B16D04FF22443BB6112E011E0FFF7FB
:1067F00085FE02460A4B5B689B0B03F003030133E3
:106800005B00B2FBF3F3BB6104E000BF02E000BF3A
:1068100000E000BFBB6918462037BD4680BD00BF01
:10682000001002402CD000083CD0000800127A0072
:1068300000093D00ABAAAAAA80B582B000AF78607B
:106840007B68002B01D1012341E07B6893F83D3048
:10685000DBB2002B06D17B68002283F83C207868ED
:10686000FCF7B2FA7B68022283F83D207B681A6845
:106870007B6804331946104600F0B2FA7B680122A7
:1068800083F846207B68012283F83E207B68012242
:1068900083F83F207B68012283F840207B68012237
:1068A00083F841207B68012283F842207B68012223
:1068B00083F843207B68012283F844207B6801220F
:1068C00083F845207B68012283F83D200023184689
:1068D0000837BD4680BD80B582B000AF78607B6868
:1068E000002B01D1012341E07B6893F83D30DBB2FE
:1068F000002B06D17B68002283F83C20786800F0EA
:1069000039F87B68022283F83D207B681A687B682F
:1069100004331946104600F063FA7B68012283F8BD
:1069200046207B68012283F83E207B68012283F8A1
:106930003F207B68012283F840207B68012283F896
:1069400041207B68012283F842207B68012283F882
:1069500043207B68012283F844207B68012283F86E
:1069600045207B68012283F83D2000231846083724
:10697000BD4680BD80B483B000AF786000BF0C37E7
:10698000BD4680BC7047000080B584B000AF786021
:1069900039603B68002B09D17B6893F83E30DBB24D
:1069A000012B14BF01230023DBB222E03B68042B40
:1069B00009D17B6893F83F30DBB2012B14BF012370
:1069C0000023DBB215E03B68082B09D17B6893F804
:1069D0004030DBB2012B14BF01230023DBB208E0FF
:1069E0007B6893F84130DBB2012B14BF01230023F5
:1069F000DBB2002B01D001235EE03B68002B04D109
:106A00007B68022283F83E2013E03B68042B04D10C
:106A10007B68022283F83F200BE03B68082B04D1FF
:106A20007B68022283F8402003E07B68022283F81F
:106A300041207B681B6801223968184600F05CFC25
:106A40007B681B681E4A934207D17B681B685A6C9F
:106A50007B681B6842F400425A647B681B68184AD2
:106A600093420ED07B681B68B3F1804F09D07B68DE
:106A70001B68144A934204D07B681B68124A9342F5
:106A800011D17B681B689B6803F00703FB60FB6800
:106A9000062B10D07B681B681A687B681B6842F065
:106AA00001021A6007E07B681B681A687B681B6834
:106AB00042F001021A60002318461037BD4680BD1F
:106AC000002C0140000400400008004080B586B062
:106AD00000AFF860B9607A600023FB75FB6893F83B
:106AE0003C30012B01D10223AEE0FB68012283F888
:106AF0003C207B680C2B00F29F8001A252F823F00F
:106B0000356B0008396C0008396C0008396C0008D6
:106B1000756B0008396C0008396C0008396C000886
:106B2000B76B0008396C0008396C0008396C000834
:106B3000F76B0008FB681B68B968184600F0BEF9DF
:106B4000FB681B689A69FB681B6842F008029A613F
:106B5000FB681B689A69FB681B6822F004029A6153
:106B6000FB681B689969BB681A69FB681B680A4364
:106B70009A6164E0FB681B68B968184600F004FA83
:106B8000FB681B689A69FB681B6842F400629A61A3
:106B9000FB681B689A69FB681B6822F480629A6133
:106BA000FB681B689969BB681B691A02FB681B6854
:106BB0000A439A6143E0FB681B68B968184600F015
:106BC0004DFAFB681B68DA69FB681B6842F0080233
:106BD000DA61FB681B68DA69FB681B6822F0040253
:106BE000DA61FB681B68D969BB681A69FB681B68B6
:106BF0000A43DA6123E0FB681B68B968184600F0B5
:106C000097FAFB681B68DA69FB681B6842F400624C
:106C1000DA61FB681B68DA69FB681B6822F4806232
:106C2000DA61FB681B68D969BB681B691A02FB68DB
:106C30001B680A43DA6102E00123FB7500BFFB68B1
:106C4000002283F83C20FB7D18461837BD4680BDE6
:106C500080B584B000AF786039600023FB737B6837
:106C600093F83C30012B01D10223B4E07B68012270
:106C700083F83C207B68022283F83D207B681B68F8
:106C80009B68BB60BB6823F07703BB60BB6823F4E1
:106C90007F43BB607B681B68BA689A603B681B686F
:106CA000B3F5005F3ED0B3F5005F00F28780B3F527
:106CB000805F00F08680B3F5805F7FD8702B1AD09C
:106CC000702B7BD8602B50D0602B77D8502B3CD0CA
:106CD000502B73D8402B58D0402B6FD8302B64D01A
:106CE000302B6BD8202B60D0202B67D8002B5CD0AA
:106CF000102B5AD062E07B6818683B6899683B6843
:106D00005A683B68DB6800F0D8FA7B681B689B68B0
:106D1000BB60BB6843F07703BB607B681B68BA68E5
:106D20009A604FE07B6818683B6899683B685A68CE
:106D30003B68DB6800F0C1FA7B681B689A687B6877
:106D40001B6842F480429A603CE07B6818683B68AC
:106D500059683B68DB681A4600F038FA7B681B68A4
:106D60005021184600F08FFA2CE07B6818683B68C9
:106D700059683B68DB681A4600F056FA7B681B6866
:106D80006021184600F07FFA1CE07B6818683B68B9
:106D900059683B68DB681A4600F018FA7B681B6884
:106DA0004021184600F06FFA0CE07B681A683B68D7
:106DB0001B681946104600F066FA03E00123FB73D6
:106DC00000E000BF7B68012283F83D207B68002241
:106DD00083F83C20FB7B18461037BD4680BD000081
:106DE00080B485B000AF786039607B681B68FB6059
:106DF0007B682F4A93420BD07B68B3F1804F07D05A
:106E00007B682C4A934203D07B682B4A934208D17B
:106E1000FB6823F07003FB603B685B68FA68134310
:106E2000FB607B68224A93420BD07B68B3F1804FB2
:106E300007D07B681F4A934203D07B681E4A934267
:106E400008D1FB6823F44073FB603B68DB68FA6899
:106E50001343FB60FB6823F080023B685B691343CC
:106E6000FB607B68FA681A603B689A687B68DA6244
:106E70003B681A687B689A627B680D4A934203D12B
:106E80003B681A697B681A637B6801225A617B68D8
:106E90001B6903F00103002B05D07B681B6923F0FD
:106EA00001027B681A6100BF1437BD4680BC704781
:106EB000002C0140000400400008004080B487B06E
:106EC00000AF786039607B681B6A7B617B681B6AF6
:106ED00023F001027B681A627B685B683B617B6818
:106EE0009B69FB60FB6823F07003FB60FB6823F089
:106EF0000303FB603B681B68FA681343FB607B6914
:106F000023F002037B613B689B687A6913437B61D2
:106F10007B681C4A93420CD17B6923F008037B6198
:106F20003B68DB687A6913437B617B6923F0040368
:106F30007B617B68134A934211D13B6923F48073D0
:106F40003B613B6923F400733B613B685B693A69D1
:106F500013433B613B689B693A6913433B617B6820
:106F60003A695A607B68FA689A613B685A687B683C
:106F70005A637B687A691A6200BF1C37BD4680BCC1
:106F8000704700BF002C014080B487B000AF78602C
:106F900039607B681B6A7B617B681B6A23F0100287
:106FA0007B681A627B685B683B617B689B69FB60FE
:106FB000FB6823F4E043FB60FB6823F44073FB6051
:106FC0003B681B681B02FA681343FB607B6923F074
:106FD00020037B613B689B681B017A6913437B61DB
:106FE0007B681D4A93420DD17B6923F080037B614E
:106FF0003B68DB681B017A6913437B617B6923F083
:1070000040037B617B68144A934213D13B6923F4AC
:1070100080633B613B6923F400633B613B685B69D0
:107020009B003A6913433B613B689B699B003A694B
:1070300013433B617B683A695A607B68FA689A61DE
:107040003B685A687B689A637B687A691A6200BFFA
:107050001C37BD4680BC7047002C014080B487B00F
:1070600000AF786039607B681B6A7B617B681B6A54
:1070700023F480727B681A627B685B683B617B6883
:10708000DB69FB60FB6823F07003FB60FB6823F0A7
:107090000303FB603B681B68FA681343FB607B6972
:1070A00023F400737B613B689B681B027A6913437E
:1070B0007B617B681D4A93420DD17B6923F4006399
:1070C0007B613B68DB681B027A6913437B617B69E8
:1070D00023F480637B617B68144A934213D13B693C
:1070E00023F480533B613B6923F400533B613B68CD
:1070F0005B691B013A6913433B613B689B691B0158
:107100003A6913433B617B683A695A607B68FA6865
:10711000DA613B685A687B68DA637B687A691A626D
:1071200000BF1C37BD4680BC704700BF002C01402B
:1071300080B487B000AF786039607B681B6A3B61C0
:107140007B681B6A23F480527B681A627B685B68E9
:107150007B617B68DB69FB60FB6823F4E043FB60D9
:10716000FB6823F44073FB603B681B681B02FA68F2
:107170001343FB603B6923F400533B613B689B680E
:107180001B033A6913433B617B680F4A934209D161
:107190007B6923F480437B613B685B699B017A696F
:1071A00013437B617B687A695A607B68FA68DA61AD
:1071B0003B685A687B681A647B683A691A6200BF48
:1071C0001C37BD4680BC7047002C014080B487B09E
:1071D00000AFF860B9607A60FB681B6A7B61FB688E
:1071E0001B6A23F00102FB681A62FB689B693B6122
:1071F0003B6923F0F0033B617B681B013A69134351
:107200003B617B6923F00A037B617A69BB681343A6
:107210007B61FB683A699A61FB687A691A6200BF10
:107220001C37BD4680BC704780B487B000AFF860A3
:10723000B9607A60FB681B6A7B61FB681B6A23F09C
:107240001002FB681A62FB689B693B613B6923F48F
:1072500070433B617B681B033A6913433B617B6965
:1072600023F0A0037B61BB681B017A6913437B6138
:10727000FB683A699A61FB687A691A6200BF1C3739
:10728000BD4680BC704780B485B000AF786039607F
:107290007B689B68FB60FB6823F07003FB603A68C7
:1072A000FB68134343F00703FB607B68FA689A604E
:1072B00000BF1437BD4680BC704780B487B000AFB4
:1072C000F860B9607A603B60FB689B687B617B69B2
:1072D00023F47F437B613B681A027B681A43BB68D7
:1072E00013437A6913437B61FB687A699A6000BF34
:1072F0001C37BD4680BC704780B487B000AFF860D3
:10730000B9607A60BB6803F01F03012202FA03F33D
:107310007B61FB681A6A7B69DB431A40FB681A626F
:10732000FB681A6ABB6803F01F03796801FA03F36C
:107330001A43FB681A6200BF1C37BD4680BC704709
:1073400080B485B000AF786039607B6893F83C30DA
:10735000012B01D1022346E07B68012283F83C2007
:107360007B68022283F83D207B681B685B68FB60BA
:107370007B681B689B68BB60FB6823F07003FB6045
:107380003B681B68FA681343FB607B681B68FA68FC
:107390005A607B681B68164A93420ED07B681B6854
:1073A000B3F1804F09D07B681B68124A934204D026
:1073B0007B681B68104A93420CD1BB6823F08003A2
:1073C000BB603B685B68BA681343BB607B681B6843
:1073D000BA689A607B68012283F83D207B680022AE
:1073E00083F83C20002318461437BD4680BC704704
:1073F000002C01400004004000080040002B2DE953
:10740000F0471D46BBBF03F100431D4600232D235B
:1074100088B01446B8BF1446129A109E1370149B7D
:10742000DDF84CA023F02008B8F1460F05D0B8F1E4
:10743000450F00D10136022300E0032307AA04927E
:1074400006AACDE902A2CDE9003622462B4601F07C
:107450007BF8B8F1470F074619D1119BDB070ED512
:1074600000EB06090022002320462946F9F79CFA82
:1074700008B1CDF81C903022079B4B451ED33846EF
:10748000079B159ADB1B136008B0BDE8F087B8F1C5
:10749000460F00EB0609E5D10378302B0AD1002214
:1074A000002320462946F9F77FFA18B9C6F10106EC
:1074B000CAF80060DAF800309944D3E7591C079104
:1074C0001A70D9E7F7B50029B6BF2D232B234942FF
:1074D00009290270437029DD0DF107031D460A27B3
:1074E000B1FBF7F61A4607FB1614303402F8014CCC
:1074F0000C46632C314603F1FF33F1DC3031941E2E
:1075000003F8011C2346411CAB420AD30DF10903C9
:107510009B1AAC4288BF002302330344181A03B0FD
:10752000F0BD13F8016B01F8016FEDE73023303146
:107530008370C170031DF1E72DE9F04F91B00C4647
:10754000DDF8688016461F46054600F0EBFE03682E
:1075500018460893F8F7FCFD00230E93D8F8003086
:107560000990073323F0070303F1080294F818A0E9
:10757000D4F800B0C8F80020D3E9008929F000430E
:107580000B93CDF828804FF0FF32DDE90A01C4E902
:1075900012899C4BF9F73AFA70BBDDE90A014FF00A
:1075A000FF32984BF9F714FA30BB00220023404613
:1075B0004946F9F703FA10B12D2384F84330924A73
:1075C000924BBAF1470F8CBF9046984603234FF079
:1075D000000923612BF0040323603346214628462B
:1075E00000970FAA00F0D4F9013040F090804FF0DE
:1075F000FF3011B0BDE8F08F42464B464046494649
:10760000F9F704FA48B14B46002BB8BF2D23804A46
:10761000B8BF84F843307F4BD3E763680AF0DF01DB
:107620005A1C3FD10623636000224BF48063236021
:1076300006920EAACDE904A20DAA03920DF133021F
:10764000CDE9013263684246009328464B460A91D1
:10765000FFF7D4FE0A99804647290D9928D1C81C06
:1076600002DB6368994240DDAAF1020A5FFA8AFAF6
:107670005246013904F150000D91FFF723FF0E9A95
:1076800081461318012A236102DC2268D20701D542
:10769000013323619DF83330002B9ED02D2384F8D5
:1076A00043309AE74729BFD1002BBDD10123BAE768
:1076B000BAF1650FDCD9BAF1660F18D100296368F9
:1076C0000BDD216113B92268D00702D501330B44C9
:1076D00023614FF00009A165DCE713B92268D207E6
:1076E00001D50233F4E70123F2E74FF0670A0E9B5E
:1076F000994205DB23682161D807EAD54B1CE7E7EF
:107700000029CCBF0122C1F102021344E0E7236843
:107710005A0507D42369424631462846B847013006
:107720002BD164E7BAF1650F40F2DC80D4E9120195
:1077300000220023F9F738F9002833D0012331461D
:107740002846354AB84701303FF451AFDDE90D38DE
:10775000434502DB2368D8070FD5DDE9082331460E
:107760002846B84701303FF442AF4FF0000908F116
:10777000FF3804F11A0AC84509DC23689B0700F1A9
:107780000281E0680F9B9842B8BF184631E7012399
:10779000524631462846B84701303FF428AF09F138
:1077A0000109E8E70D9B002B38DC01233146284610
:1077B000194AB84701303FF41AAFDDE90D3959EAEB
:1077C000030302D12368D907D7D5DDE90823314661
:1077D0002846B84701303FF40AAF4FF0000A04F1E1
:1077E0001A0B0D9B5B42534501DC4B4693E701238B
:1077F0005A4631462846B84701303FF4F8AE0AF100
:10780000010AEEE7FFFFEF7F42D000083ED00008FC
:107810004AD0000846D000084ED00008A36DDDF81D
:1078200038A05345A8BF5346002B994636DC4FF08D
:10783000000B29EAE97904F11A02A36D0A93A3EB7C
:1078400009035B4531DC0D9B9A453ADC2368DA0776
:1078500037D40D9BAAEB03090A9BAAEB03039945B6
:10786000A8BF9946B9F1000F33DC4FF0000829EAB0
:10787000E97904F11A0B0D9BAAEB0303A3EB0903AF
:1078800043457FF77AAF01235A4631462846B84729
:1078900001303FF4ACAE08F10108ECE74246314656
:1078A0002846B8470130C2D1A1E601233146284617
:1078B0000A92B84701303FF49AAE0A9A0BF1010BD5
:1078C000BBE73146DDE908232846B8470130C0D17F
:1078D0008DE60A9A4B46314628464244B847013065
:1078E000C3D184E6DDF838A0BAF1010F01DCDB0773
:1078F00036D50123424631462846B84701303FF489
:1079000076AEDDE9082331462846B84701303FF41A
:107910006EAED4E91201002200230AF1FF3AF9F712
:1079200043F8C0B9534608F1010231462846B8472A
:1079300001300CD15BE601235A4631462846B84750
:1079400001303FF454AE08F10108D045F3DB4B465B
:1079500004F15002E0E64FF0000804F11A0BF4E7DE
:1079600001234246E1E701234A4631462846B8470B
:1079700001303FF43CAE08F10108E3680F995B1A4F
:107980004345F0DCFDE64FF0000804F11909F4E787
:107990002DE9F047164698468A680B6907469342D8
:1079A000B8BF1346336091F843200C46DDF82090B1
:1079B0000AB1013333602368990642BF336802334A
:1079C0003360256815F0060506D104F1190AE3684D
:1079D00032689B1AAB422BDC94F843302268003BA0
:1079E00018BF0123920630D44146384604F14302C1
:1079F000C847013023D02368226903F00603042B13
:107A000014BF002533684FF0000608BFE56804F195
:107A10001A0408BFED1A54F8123C08BF25EAE575B0
:107A20009342C4BF9B1AED18B5421AD1002008E05A
:107A30000123524641463846C847013003D14FF032
:107A4000FF30BDE8F0870135C1E73020E11881F84B
:107A500043005A1C94F845102244023382F8431024
:107A6000C2E70123224641463846C8470130E6D0E6
:107A70000136D9E72DE9FF470F7E9146782F8046E2
:107A80000C469A460C9E01F1430207D8622F0AD891
:107A9000002F00F0D180582F00F0B88004F142068A
:107AA00084F842703AE0A7F16303152BF6D801A1E0
:107AB00051F823F00D7B0008217B00089D7A000817
:107AC0009D7A00089D7A00089D7A0008217B0008B5
:107AD0009D7A00089D7A00089D7A00089D7A00082A
:107AE0001F7C00084B7B0008D97B00089D7A0008AA
:107AF0009D7A0008417C00089D7A00084B7B0008B5
:107B00009D7A00089D7A0008E17B000833681A1D01
:107B10001B68326004F1420684F8423001239CE085
:107B200033682068191D3160060601D51D6803E021
:107B30004506FBD5B3F90050002D03DA2D236D4225
:107B400084F843300A23584811E021683368080656
:107B500053F8045B02D4490648BFADB26F2F3360BF
:107B600014BF0A2308235048002184F84310666894
:107B7000002EA66005DB21682E4321F00401216060
:107B80004BD01646B5FBF3F103FB1157C75D06F862
:107B9000017D2F46BB420D46F4D9082B0BD123683B
:107BA000DF0708D5236961689942DEBF302306F8F4
:107BB000013C06F1FF36921B22614B4621464046AE
:107BC000CDF800A003AAFFF7E3FE01304AD14FF041
:107BD000FF3004B0BDE8F087236843F02003236042
:107BE0007827324884F84570236831681F0651F8B9
:107BF000045B02D45F0648BFADB23160D90744BF11
:107C000043F0200323601DB11023ADE72648E9E7C8
:107C1000236823F020032360F6E71646BDE73368A8
:107C20002568181D616930602E061B6801D5196032
:107C300002E06806FBD51980002316462361BCE7E5
:107C4000336800211A1D32601E686268304600F0F9
:107C5000E0FB08B1801B606063682361002384F847
:107C60004330AAE73246494640462369D0470130AF
:107C7000ADD023689B0713D4E068039B9842B8BF3C
:107C80001846A6E70123324649464046D047013010
:107C90009DD00135E36803995B1AAB42F2DCEBE758
:107CA000002504F11906F5E750D0000861D000085E
:107CB0002DE9F04F87B003938B6891465A1EB2F5B9
:107CC000AE7F82BF6FF4AE7503EB050B40F25D1320
:107CD0000A464FF0000588BF8B600B68804643F46E
:107CE000F06342F81C3B0C4698BF4FF0000B164661
:107CF000AA462F46CDE9045501920295A2685AB1D1
:107D0000D9F800301B784E2B62D8402B3AD8A3F11B
:107D10002B01C8B20E2838D91FB1236823F4807311
:107D200023600AF1FF3ABAF1010F00F21481019BBE
:107D30009E4200F20581012007B0BDE8F08FA3F15B
:107D400061020D2AE8D801A151F822F0957E0008C1
:107D5000197D0008197D0008197D0008F17E0008D2
:107D6000CB7E0008197D0008197D0008A37E00085D
:107D7000197D0008197D0008197D0008197D00088B
:107D80005F7E0008A3F14102DBE70E29C4D801A001
:107D900050F821F04F7E0008197D00084F7E000842
:107DA000DF7E0008197D0008F17D0008357E00089F
:107DB000357E0008357E0008357E0008357E0008D7
:107DC000357E0008357E0008357E0008357E0008C7
:107DD0006E2B09D8602BB2D8542B7BD0592B9BD15A
:107DE000072D99D108252FE0742B73D0792BF6E756
:107DF0002168C8051ED521F0800121600137BBF143
:107E0000000F03D001320BF1FF3BA260A368013BDE
:107E1000A360236901332361D9F80430013B002BAF
:107E2000C9F8043040F38380D9F800300133C9F831
:107E3000003063E71AEB05017FF46EAF0D468A460A
:107E4000226822F4C072226006F8013BDEE7226855
:107E500010067FF561AF22F080022260F4E7BAF1EC
:107E6000000F0CD177B9226802F4E061B1F5E06F40
:107E700008D122F4F0624FF0010A2260E4E7BAF17F
:107E8000020F51D0012D02D0042D7FF445AF0135F2
:107E9000EDB2D9E7BAF1010F7FF43EAF4FF0020A1D
:107EA000D2E775B9002F7FF438AF226802F4E061A1
:107EB000B1F5E06F40F0FF8022F4F062012522600E
:107EC000C2E7032DE3D0052DDFE7022D7FF424AFB9
:107ED0000325B9E7062D7FF41FAF0725B4E7226815
:107EE00091057FF519AF22F4207222600297ABE76B
:107EF000226802F4A061B1F5806F05D050057FF5CE
:107F00000BAF002F00F0D780910558BF029922F4E3
:107F1000F06258BF791A42F4C0724FF0000758BFA0
:107F2000CDE9041622608FE74FF0030A8CE749463B
:107F30004046D4F88031984700283FF4DFAEEBE6A6
:107F4000D4F87C314A46404616F8011D984723690B
:107F5000013B2361EBE66B1E062B24D8022D36D89D
:107F6000019B9E427FF6E7AED4F87C314A464046FC
:107F700016F8011D98472369013B2361F0E7D4F807
:107F80007C314A4640461BF8011D98472369013B56
:107F900023610AF1FF3A5FFA8AFABAF1020FEED1D1
:107FA000033DEDB2761B2368DA0530D55B0511D5AC
:107FB000019B9E427FF6BFAED4F87C314A464046D4
:107FC00016F8011D98472369013B2361F0E7AA4693
:107FD000B346DEE716F8011C2369652903F1FF3378
:107FE00006F1FF3523610CD045290AD0D4F87C3145
:107FF0004A4640469847236916F8021C013BB51EC5
:1080000023614A464046D4F87C3198472E46226880
:1080100012F0100201D000208EE63270236803F4C3
:10802000C063B3F5806F25D1029B9F420AD0DA1B53
:1080300004F26F139E4228BF04F5B77630461F49FD
:1080400000F002F900224046019902F0E9FB039B8F
:1080500025681B6815F0020F06460F4603F104025F
:1080600015D003990A601B68C3E90067E368013310
:10807000E360D0E7049B002BE4D005990A23404637
:10808000013102F04DFC049B059EC21AD0E76D073A
:10809000E7D4039D2A601D6802460B46F8F7B6FC3C
:1080A00020B1074800F0C4F92860DFE730463946C0
:1080B000F8F70AFDF8E7002733E600BF72D00008A2
:1080C000B3D10008002310B50446C0E90033C0E96D
:1080D0000433836081814366C2818361194608222B
:1080E0005C3000F016F90D4B246263620C4BA36206
:1080F0000C4BE3620C4B23630C4B9C4206D003F108
:108100006802944202D0D0339C4205D104F1580059
:10811000BDE8104000F07AB910BD00BF8D820008A4
:10812000AF820008E78200080B8300087007002078
:10813000024A0349034800F069B800BF200000204C
:10814000D5AC00083000002041680C4B10B59942B6
:10815000044601D002F0BEFDA168094B994202D04D
:10816000204602F0B7FDE168064B994204D0204654
:10817000BDE8104002F0AEBD10BD00BF700700208A
:10818000D80700204008002010B50B4B0B4C0C4AC0
:1081900020461A6004210022FFF794FF04F16800D2
:1081A00001220921FFF78EFF04F1D0000222BDE871
:1081B00010401221FFF786BFA8080020700700209A
:1081C00031810008014800F022B900BFB108002049
:1081D000014800F01DB900BFB108002010B50446E9
:1081E000FFF7F0FF236A1BB1BDE81040FFF7F0BFB7
:1081F000044B2362044B1B68002BF5D1FFF7C4FF2F
:10820000F2E700BF49810008A80800202DE9F843E3
:108210000746884614460026D4E90195B9F10109BC
:1082200005D52468002CF7D13046BDE8F883AB892A
:10823000012B07D9B5F90E30013303D02946384652
:10824000C04706436835E9E70EB46FF0004110B54A
:1082500000249DB01FAB029006900791049109483D
:10826000094953F8042B0591006802A901931B9456
:1082700002F0B4FB029B1C701DB0BDE8104003B0BF
:10828000704700BF2C0000200802FFFF10B50C460D
:10829000B1F90E1000F06CF80028ABBF636DA38934
:1082A0001B1823F48053ACBF6365A38110BD2DE977
:1082B000F0411F468B890546DB050C46164605D561
:1082C00002230022B1F90E1000F040F8A3893246D3
:1082D00023F48053A38128463B46B4F90E10BDE831
:1082E000F04100F057B810B50C46B1F90E1000F08F
:1082F0002DF8431CA38915BF606523F4805343F414
:108300008053A38118BFA38110BDB1F90E1000F0F6
:108310000DB803460244934200D1704703F8011B95
:10832000F9E70000004870476C01002038B50023D1
:10833000054D044608462B60FAF72DFE431C02D17A
:108340002B6803B1236038BDAC08002038B5044663
:10835000084611460022054D2A601A46FAF73FFEEC
:10836000431C02D12B6803B1236038BDAC08002048
:1083700038B50446084611460022054D2A601A46C3
:10838000FAF7D0FD431C02D12B6803B1236038BD3E
:10839000AC08002038B50446084611460022054DB9
:1083A0002A601A46FAF7DBFD431C02D12B6803B1A1
:1083B000236038BDAC080020014B1868704700BF2F
:1083C0002C00002070B500260C4D0D4C641BA41031
:1083D000A64209D103F06AFB00260A4D0A4C641B31
:1083E000A410A64205D170BD55F8043B984701364C
:1083F000EEE755F8043B98470136F2E76CD40008E5
:108400006CD400086CD4000870D400087047704722
:108410007047034610B5C9B202449342184601D1D1
:10842000002003E0047801338C42F6D110BD000037
:10843000004870470000C07F2DE9F74F03690C69C1
:108440000746A3427EDB013CA30000F1140501F1C5
:108450001408009305EB8403019358F8243055F871
:10846000242001339A42B2FBF3F608EB84092ED3A1
:108470004FF0000AC446AE46D3465CF8043B98B2BF
:1084800006FB00A01B0C020C06FB0323DEF80020F9
:1084900080B292B2121A5A44DEF800004FEA134A30
:1084A0009BB2C3EB224303EB104392B242EA034276
:1084B000E1454FEA234B4EF8042BDED2009BEB58EC
:1084C0002BB9019B043B9D421A462FD33C61384691
:1084D00001F0C8F9002825DB2946002058F8042BB4
:1084E000D1F800C01FFA82FE1FFA8CF3A3EB0E0333
:1084F0000344120CC2EB234202EB1C429BB243EA40
:108500000243C1454FEA224041F8043BE6D255F808
:10851000242005EB840322B9043B9D421A460BD369
:108520003C610136304603B0BDE8F08F1268043B71
:10853000002ACBD1013CC6E71268043B002AEFD1E8
:10854000013CEAE70020EEE72DE9F04F14461D4616
:10855000C76997B08146CDE90645239E7FB91020B3
:1085600000F00EFE0246C9F81C0020B9EF21AC4B0A
:10857000AC4802F027FCC0E901770760C760D9F872
:108580001C30196859B15A68012393404A608B60C6
:10859000484600F0EBFE0022D9F81C301A602B1E72
:1085A000AFBF0023012223F000430793A8BF33602D
:1085B000DDF81C809C4BB8BF326033EA080312D14F
:1085C00042F20F73229A1360C8F31303234300F09F
:1085D0005E85249BDFF854A2002B00F060850AF131
:1085E000030300F05ABDDDE90623CDE90C23DDE9E4
:1085F0000C0100220023F8F7D7F9074658B10123F0
:10860000229A1360249B13B1894B249A1360DFF8DC
:1086100024A200F044BD14AB019315AB009348466F
:10862000DDE90C2301F036FAC8F30A560390002E58
:1086300078D0DDE90C010D9BA6F2FF36C3F31303DE
:1086400043F07F5343F440131297194600227A4BAC
:10865000F7F78AFD6CA3D3E90023F7F73DFF6CA37E
:10866000D3E90023F7F782FD044630460D46F7F7BD
:10867000C9FE69A3D3E90023F7F72EFF02460B4694
:1086800020462946F7F772FD04460D46F8F7D4F95F
:1086900000220746002320462946F8F78FF940B10B
:1086A0003846F7F7AFFE22462B46F8F77DF900B9BA
:1086B000013F162F54D8DDE90C01604B03EBC703D3
:1086C000D3E90023F8F77AF900284BD00023013FC3
:1086D0000F93149B9B1B5A1E49BFC3F10103002338
:1086E00004930023099254BF04930993002F3BDBAA
:1086F000099B0E973B44099300230A93209B092B67
:1087000065D8052BC4BF043B2093209BC8BF002421
:10871000A3F10203D8BF0124032B64D8DFE803F0E0
:108720005355382CDDE914631E4406F23243202BE6
:10873000C1BFC3F1400308FA03F806F2124324FA5A
:1087400003F3D6BFC3F1200348EA030004FA03F0A1
:10875000F7F748FE0122A1F1F873013E129274E787
:108760000123B5E70F90B4E7049BDB1B04937B4226
:108770000A9300230E93C1E701230B93219B07EB80
:10878000030B0BF10103012B0893B8BF012306E093
:1087900001230B93219B002B28DD9B46089300218E
:1087A0000422D9F81C0002F114059D4226D941602B
:1087B000484600F09BFD8246002843D1024640F225
:1087C000AF111F4BD4E60023E3E70023D5E70124D4
:1087D00000230B9420934FF0FF3B00221223CDF88F
:1087E00020B02192DBE701230B93F4E74FF0010B5C
:1087F0005B46CDF820B0CDF884B0D0E7013152000F
:10880000D1E700BFAFF3008061436F63A787D23F1A
:10881000B3C8608B288AC63FFB799F501344D33F6F
:1088200084D000089BD000080000F07F80D00008B2
:108830004FD000084ED000080000F83F48D2000892
:10884000F3D00008D9F81C301860089B0E2B00F2FA
:10885000A180002C00F09E80002F33DD9C4B07F0A0
:108860000F0203EBC203F805D3E90034CDE910345D
:108870004FEA271416D5DDE90C01964B0326D3E900
:108880000823F7F753FFCDE9060104F00F04914DDB
:1088900054B9DDE91023DDE90601F7F747FFCDE91B
:1088A000060128E00226F2E7E10708D5DDE910011C
:1088B000D5E90023F7F710FECDE910010136641069
:1088C0000835E5E700F0AF80DDE90C017C42804B24
:1088D00004F00F0203EBC203D3E90023F7F7FCFD1A
:1088E00002260023CDE906017A4D2411002C40F028
:1088F0008F80002BD3D1DDE906450F9B002B00F0C4
:108900009480002220462946734BF8F757F8002838
:1089100000F08B80089B002B00F08780BBF1000FDC
:1089200034DD2046002229466C4BF7F7D5FD5C4626
:10893000CDE9060107F1FF3801363046F7F762FD51
:10894000DDE90623F7F7C8FD0022654BF7F70EFCBB
:108950000546A1F15076002C6AD1DDE9060100221E
:10896000604BF7F701FC02460B46CDE906232A4689
:108970003346F8F741F8002840F09882DDE9060117
:108980002A4606F10043F8F719F838BBDDE90C3444
:10899000CDE90634159B002BC0F257810E2F00F352
:1089A00054814B4B03EBC703D3E90034CDE90434C6
:1089B000219B002B80F2E580089B002B00F3E180D7
:1089C0000CD1DDE904010022464BF7F785FDDDE916
:1089D0000623F8F707F8002800F0668200242546F1
:1089E000219B56466FEA030800272146484600F0BF
:1089F000BDFC002D00F0BD802FB1AF4203D0394641
:108A0000484600F0B3FC2946484600F0AFFCB0E011
:108A1000E20705D5D5E90023F7F75EFD012301360E
:108A20006410083562E7022665E7B846089C84E7CB
:108A3000274B0B9903EBC40353E902235444002949
:108A400054D000202849F7F771FE33462A46F7F73D
:108A50008BFB5646CDE91001DDE90601F7F7ECFF87
:108A60000546F7F7CFFC02460B46DDE90601F7F7AE
:108A70007BFB02460B463035CDE90623DDE91023AA
:108A800006F8015BF7F79AFF002872D1DDE90623AB
:108A900000201149F7F768FBDDE91023F7F78EFF97
:108AA000002840F0B480A6423FF470AFDDE9100129
:108AB00000220A4BF7F710FD0022CDE91001DDE995
:108AC0000601064BF7F708FDCDE90601C4E700BF34
:108AD00048D2000820D200080000F03F00002440E7
:108AE00000001C40000014400000E03F31462846D2
:108AF000F7F7F2FC5646CDE910011394DDE90601C3
:108B0000F7F79AFF0546F7F77DFC02460B46DDE9CD
:108B10000601F7F729FB02460B46303506F8015BE4
:108B2000A642CDE906234FF0000224D1DDE9100171
:108B3000AE4BF7F71BFB02460B46DDE90601F7F7E4
:108B40005BFF002863D1DDE910230020A749F7F778
:108B50000BFB02460B46DDE90601F7F72FFF002865
:108B60003FF414AF139E731E139316F8013C302B81
:108B7000F8D047463BE09E4BF7F7AEFCCDE9060147
:108B8000BCE75646DDE90645DDE9042320462946D3
:108B9000F7F7CCFDF7F750FF8046F7F733FCDDE938
:108BA0000423F7F799FC02460B4620462946F7F7BF
:108BB000DBFA08F13004089D06F8014BA6EB0A0425
:108BC000A54202460B4633D1F7F7D0FADDE904237C
:108BD00004460D46F7F710FFC0B9DDE9042320462F
:108BE0002946F7F7E1FE10B118F0010F0ED1484603
:108BF000039900F0BBFB00233370229B01371F60F9
:108C0000249B002B00F04B821E6048E2B84633469E
:108C10001E4613F8012D392A06D19A45F8D1302283
:108C200008F101088AF800201A7801321A70A0E7CA
:108C300000226F4BF7F750FC0022002304460D463C
:108C4000F7F7B2FE00289FD0D1E70B9A002A00F078
:108C5000EA80209A012A00F3CD80129A002A00F0BF
:108C6000C18003F233430A9C049E049A01211A44F2
:108C70000492099A48461A44099200F075FC054688
:108C800066B1099B002B09DDB342A8BF3346049AA5
:108C9000F61AD21A0492099AD31A09930A9B0BB3B3
:108CA0000B9B002B00F0C680002C00F0C0802946F2
:108CB0002246484600F010FD039A01460546484604
:108CC00000F068FC03998046484600F04FFB0A9B81
:108CD0001B1B0A9300F0B18041460A9A484600F0F7
:108CE000FBFC03900121484600F03EFC0E9B04462D
:108CF000002B00F0D8811A460146484600F0ECFCF3
:108D0000209B0446012B00F39F80069B002B40F024
:108D10009780079BC3F31303002B40F09380079BBE
:108D200023F000431B0D1B0533B1049B0133049357
:108D3000099B0133099301230A930E9B002B00F03A
:108D4000B881236904EB8303186900F0C1FBC0F10B
:108D50002000099B184410F01F0000F08280C0F131
:108D60002003042B73DD049BC0F11C000344049317
:108D7000099B064403440993049B002B05DD1A4616
:108D80004846039900F002FD0390099B002B05DD86
:108D900021461A46484600F0F9FC04460F9B002B7A
:108DA00061D02146039800F05DFD00285BDA0023C6
:108DB0000A224846039900F0FBFA0B9B07F1FF38A3
:108DC0000390002B00F07781294600230A224846B1
:108DD00000F0EEFABBF1000F05466FDC209B022B82
:108DE00049DC6BE0149BC3F136033CE70000E03F35
:108DF00000002440089B5C1E0A9BA34209DB1C1B4D
:108E0000089B002BBFF630AF049B089A9E1A0023E4
:108E10002BE70A9B0E9AE31A1A440A94049E002434
:108E2000089B0E9221E70A9C049E0B9D28E7DDF823
:108E30000C8051E70A9A039950E7CDF80C8051E76E
:108E4000002379E7069B77E700230A9379E793D01D
:108E5000049A1C331A440492099A1E441A44099233
:108E60008AE70346F4E7089BB846002B20DC9B46C4
:108E7000209B022B1EDDBBF1000F7FF4B1AD21461C
:108E80005B460522484600F093FA014604460398E3
:108E900000F0E8FC00287FF7A3AD5646312308F127
:108EA000010806F8013B9FE5B846089C2546F4E713
:108EB000DDF820B00B9B002B00F00181002E05DDBA
:108EC00029463246484600F061FC05460A9B002BC5
:108ED0005CD04846696800F009FA064628B902469F
:108EE00040F2EF21804BFFF743BB2A6905F10C01EB
:108EF000023292000C3001F051FF01223146484607
:108F000000F044FC2F4605460AF1010304930AEBE6
:108F10000B030A93069B03F001030993049B21466C
:108F2000039803F1FF3BFFF787FA034639463033D6
:108F3000069003980B9300F095FC2A460890214672
:108F4000484600F0ABFCC26806460B9B02BB0146DC
:108F5000039800F087FC02460B9B31464846CDE95A
:108F60000B3200F003FA209B0C9A049E42EA0301A4
:108F7000099B19430B9B0DD1392B27D0089A002A46
:108F800001DD069B31338BF800302EE52846B9E72A
:108F90000122E2E70899002904DB2098014309989F
:108FA000014320D1002AEEDD0122039948460493B3
:108FB00000F0ECFB2146039000F054FC0028049BD9
:108FC00002DCE0D1DA07DED5392BDAD139238BF890
:108FD000003033461E4616F8012C013B392A4ED08C
:108FE00001321A7001E5002A03DD392BEED001337E
:108FF000C9E7049A0A9902F8013C8A4228D0002362
:109000000A220399484600F0D3F9AF4203904FF08B
:1090100000034FF00A023946484607D100F0C8F96C
:1090200007460546049B0133049377E700F0C0F937
:109030002946074600230A22484600F0B9F90546AA
:10904000F0E7BBF1000FCCBF5E4601260027564477
:10905000012203994846049300F098FB21460390AF
:1090600000F000FC0028B4DC02D1049BDB07B0D484
:1090700033461E4613F8012D302AFAD0B5E49A453E
:10908000A8D1312308F101088AF80030ADE4249B0F
:10909000DFF858A01BB10AF10803249A1360504668
:1090A00017B0BDE8F08F209B012B7FF72EAE0E9BF3
:1090B0000A9301204DE6BBF1000F7FF7D9AE56466B
:1090C00021460398FFF7B8F900F1300306F8013B99
:1090D000A6EB0A029345B4DD00230A224846039911
:1090E00000F066F90390EBE7F3D0000877D00008B2
:1090F00038B50546002940D051F8043C0C1F002B20
:10910000B8BFE41800F0E6F81C4A136833B963608E
:1091100014602846BDE8384000F0E2B8A34208D900
:10912000206821188B4201BF19685B68091821600B
:10913000EDE71A465B680BB1A342FAD911685018E3
:10914000A0420BD120680144501883421160E0D145
:1091500018685B68084410605360DAE702D90C2392
:109160002B60D6E7206821188B4201BF19685B6825
:109170000918216063605460CBE738BDB80800204F
:10918000024B0146186800F025B800BF2C000020F3
:1091900070B50F4E0C463168054611B901F0EEFD71
:1091A00030602146284601F0E9FD431C03D14FF011
:1091B000FF34204670BDC41C24F00304A042F8D044
:1091C000211A284601F0DAFD0130F2D1EFE700BFA5
:1091D000B40800202DE9F843CD1C25F0030508351F
:1091E0000C2D38BF0C25002D064601DBA94204D901
:1091F0000C2333600020BDE8F883DFF8D48000F052
:1092000069F8D8F800301C4644BB29463046FFF7C1
:10921000BFFF431C044658D1D8F800402746002F12
:1092200043D1002C4BD023683946304604EB030968
:1092300001F0A4FD814542D1216830466D1A2946CE
:10924000FFF7A6FF01303AD023682B442360D8F8FB
:1092500000305A6862BBC8F800700FE02268521BE9
:1092600020D40B2A17D96119A342256018BF596071
:10927000636808BFC8F8001062514B60304600F0C8
:109280002FF804F10B00231D20F00700C21A1CBFA9
:109290001B1AA350AFE76268A3420CBFC8F80020B6
:1092A0005A60EBE723466468AEE73C467F68B6E762
:1092B0001A465B68A342FBD100235360DEE70C2310
:1092C0003046336000F00CF894E70560D6E700BF45
:1092D000B80800200148FFF79AB800BFB008002086
:1092E0000148FFF795B800BFB008002070B5C66907
:1092F00004460D4676B91020FFF742FF0246E061B2
:1093000020B96B21174B184801F05CFDC0E90166DC
:109310000660C660E669F36883B1E369DB6853F809
:109320002500B8B9012101FA05F6721D2046920008
:1093300001F066FD60B1C0E901560EE02122042172
:10934000204601F05DFDE369F060DB68002BE4D1AD
:10935000002070BD026843F825200023C0E90333D4
:10936000F7E700BF84D0000804D1000870B5C669D3
:1093700005460C4676B91020FFF702FF0246E86169
:1093800020B98F21084B094801F01CFDC0E9016696
:109390000660C6603CB1EB696268DB6853F8221076
:1093A000216043F8224070BD84D0000804D1000839
:1093B0002DE9F04107460C461E4600200D6901F1DB
:1093C000140CDCF80030013099B202FB01611E0C74
:1093D0000B0C02FB063389B201EB034185424FEAD5
:1093E00013464CF8041BECDC0EB3A368AB4219DC4B
:1093F000616838460131FFF779FF804628B9024697
:10940000BA210C4B0C4801F0DDFC226904F10C017F
:10941000023292000C3001F0C1FC21463846FFF7C1
:10942000A5FF444604EB850301355E6125612046B6
:10943000BDE8F081F3D0000804D100082DE9F8431D
:10944000154609221F4608330C4693FBF2F30646E5
:10945000012200219A4209DB3046FFF747FF40B95D
:109460000246D321184B194801F0ACFC52000131DF
:10947000F0E7089B092D43614FF00103036116DDFE
:1094800004F10909C8462C4418F8013B01460A2298
:109490003046303BFFF78CFFA045F5D1A5F108041D
:1094A0004C442D1B6319BB4204DBBDE8F88309253E
:1094B0000A34F6E714F8013B01460A223046303BF5
:1094C000FFF776FFEEE700BFF3D0000804D10008F5
:1094D0000346B0F5803F3ABF030410200020B3F1EB
:1094E000807F3CBF1B020830B3F1805F3CBF1B0193
:1094F0000430B3F1804F3CBF9B000230002B05DBF2
:1095000013F0804F00F1010008BF2020704703686E
:10951000024613F007000BD0D90721D4980749BFA2
:109520005B089B08012013605CBF0220136070473A
:1095300099B209B910201B0CD9B209B908301B0A1D
:10954000190704BF1B090430990704BF9B080230A8
:10955000D90703D45B0800F1010003D01360704702
:10956000002070472020704710B50C460121FFF7FE
:10957000BDFE024628B940F24511044B044801F0F3
:1095800021FC01234461036110BD00BFF3D000083A
:1095900004D100082DE9F04F17460A693B69894656
:1095A0009A42A2BF3B460F4699463D69D9F810A0A2
:1095B000BB68796805EB0A06B34285B0B8BF0131D4
:1095C000FFF794FE30B902464FF4B171404B414869
:1095D00001F0F8FB00F114042346002204EB860E90
:1095E000734520D307F1140809F1140108EB850530
:1095F00001EB8A030293EB1B153B23F003030433B7
:109600001537BD4238BF04230193029B03918B425F
:109610000CD8002E03DD5EF8043D002B55D006610A
:1096200005B0BDE8F08F43F8042BD9E7B1F800A0EE
:10963000BAF1000F1FD0C446A14600275CF8042BE6
:10964000D9F800301FFA82FB9BB20AFB0B333B4474
:10965000D9F80070120C3F0C0AFB027202EB1342A5
:109660009BB243EA024365454FEA124749F8043B7F
:10967000E4D8019BE750039B0431B3F80290B9F1A1
:10968000000F20D04746A4464FF0000A2368B7F8E1
:1096900000B0BCF802209BB209FB0B22524443EA03
:1096A00002434CF8043B57F8043B4FEA134ABCF81A
:1096B0000030BD4209FB0A3303EB12434FEA134A61
:1096C000E5D8019AA35004349FE7013EA1E700BF0B
:1096D000F3D0000804D100082DE9F843154612F034
:1096E000030207460E4607D0254C013A002354F8E2
:1096F0002220FFF75DFE0646AD103DD0FC697CB927
:109700001020FFF73DFD0246F86128B940F2B31181
:109710001C4B1D4801F056FBC0E901440460C460C5
:10972000D7F81C80D8F808404CB940F2712138466F
:10973000FFF71AFF00230446C8F8080003604FF043
:109740000009EB070AD5314622463846FFF722FFCB
:10975000804631463846FFF709FE46466D100BD06D
:10976000206838B9224621463846FFF713FF2060AB
:10977000C0F800900446E4E73046BDE8F88300BF37
:1097800014D2000884D0000804D100082DE9F04765
:109790000C46074691462369496803EB6218A368A3
:1097A0004FEA621A08F10106B3420BDB3846FFF7B5
:1097B0009DFD054648B902464FF4EF71274B2848F6
:1097C00001F000FB01315B00EEE7002300F1140122
:1097D00000F110021846534533DB20692AEAEA7A81
:1097E00004F1140319F01F0901EB8A0103EB800C4B
:1097F0002BD08A460022C9F1200E186800FA09F021
:1098000010434AF8040B53F8042B9C4522FA0EF23D
:10981000F3D8ACEB0403153B23F00303043304F14A
:109820001500604588BF0423CA500AB108F102063A
:10983000013E384621462E61FFF798FD2846BDE8D7
:10984000F08742F8040F0133C5E7043953F8042BBD
:109850009C4541F8042FF9D8EAE700BFF3D000088F
:1098600004D1000803460A69006930B5801A0ED198
:109870001433143103EB820401EB820154F8045DCC
:1098800051F8042D954203D005D24FF0FF3030BD82
:10989000A342F3D3FBE70120F9E700002DE9F74FDE
:1098A00089460646114648461446FFF7DBFF051E6B
:1098B00012D129463046FFF719FD024628B940F279
:1098C00037213E4B3E4801F07DFA0123C0E90435C3
:1098D000104603B0BDE8F08FBCBF4B46A1463046F2
:1098E000D9F80410BABF1C4601250025FFF7FEFC7D
:1098F000024618B940F24521304BE3E700F1140B62
:10990000D9F8107009F11003C5604FF0000C09F18F
:109910001405D946266904F1140E05EB87080EEBF1
:1099200086060193019B5EF8040B53F804AF81B2E5
:1099300001931FFA8AF35B1A000C6344C0EB1A40D0
:1099400000EB23409BB243EA004376454FEA204CAC
:1099500049F8043BE6D8331B153B23F003031534C9
:109960000433A64238BF04231D445B441E462C46E4
:1099700044450ED308F10301491B21F00301033DC7
:10998000A84538BF00210B4453F8041D99B1176155
:109990009EE7E64654F8041B1FFA81FCF444080CC9
:1099A000714400EB2C4089B241EA00414FEA204C5F
:1099B00046F8041BDCE7013FE6E700BFF3D00008F0
:1099C00004D100080E4B0B40A3F15073002B08DCB0
:1099D0005B42B3F1A07F4FEA235204DA4FF4002335
:1099E0001341002208E0A2F114031E2BD6BF4FF052
:1099F00000420122DA40002319461046704700BF9A
:109A00000000F07F0269F8B500F1140606EB82024F
:109A100052F8044C1E4F2046FFF75AFD0346C0F192
:109A200020000A2BA2F10405086012DCAE422CBF14
:109A3000002252F8082CC3F10B0C153324FA0CFE4B
:109A400004FA03F322FA0CF24EEA07011A43104615
:109A5000F8BDAE4236BFA2F10805002252F8082C2C
:109A60000B3B12D0C3F1200722FA07F19C400C43B4
:109A7000B54244F07F5194BF002455F8044C9A40FD
:109A8000FC4041F440112243E1E744EA0701DEE7EC
:109A90000000F03F2DE97343012190469946089E4E
:109AA000FFF724FC044630B9024640F20F31234B45
:109AB000234801F087F9C9F30A55C9F313030DB11F
:109AC00043F480130193B8F1000324D06846009357
:109AD000FFF71DFDDDE90012D8B1C0F1200302FA45
:109AE00003F30B43C24063610192019B002B0CBF47
:109AF00001220222A3612261ADB1A5F233450544E2
:109B00003560C0F13500099B1860204602B0BDE801
:109B100070836161E9E701A8FFF7F9FC019B01226D
:109B200063612030E7E7A0F2324004EB820330604B
:109B30001869FFF7CDFCC0EB4210E4E7F3D0000852
:109B400004D100082DE9F04F85B0CDE9001002A93D
:109B5000FFF758FF8B4606460F46009803A9FFF70C
:109B600051FF0D46019B89461969009B04461B69FC
:109B70003046C91ADDE902329B1A03EB4113002B70
:109B8000CDBF3A462A46C3EB033302EB035BD8BF93
:109B900002EB03594B4622465946F6F7C7FD05B07E
:109BA000BDE8F08F013970B549111469013102F136
:109BB000140300EB810103EB8404051FA3420CD3C3
:109BC000A31A113B23F003031132A24288BF0023E2
:109BD00018440023884205D370BD53F8046B45F840
:109BE000046FEBE740F8043BF4E700F1140200696E
:109BF0004B11984210B511DB0ADD11F01F0107D09F
:109C000052F8234024FA01F000FA01F18C420BD102
:109C100002EB8303934203D8002010BD0346F7E70D
:109C200053F8041D0029F5D00120F6E72DE9F04195
:109C30000F469046FFF7C6FE04460D46B8F1000FEA
:109C400011D0C7F30A53C3F16B03002B0BDD0024C3
:109C50001B0503F17F5505F5401522462B46F6F707
:109C60003BFC04460D4620462946BDE8F081000035
:109C70002DE9F04F9FB0179200220C461A924FF038
:109C8000000A4FF0000B0A460590199211782B2913
:109C900048D036D80D2930D8082930D8002939D0F5
:109CA00000220E92199D2A78302A40F0B0806A78FE
:109CB00002F0DF02582A6CD102930E9B8F4A019367
:109CC0001AAB009305981BAB19A901F015F910F018
:109CD0000F06044605D0062E26D10023013519951E
:109CE0000E93179B002B40F082850E9BBBB1504614
:109CF0000BF100411FB0BDE8F08F2029D0D1013217
:109D0000C3E72D29CCD101210E91511C1991527814
:109D1000002AC7D1179B1994002B40F06685504646
:109D20005946E7E70021EFE71A9A3AB135211CA816
:109D3000FFF738FF1A990598FFF718FB013E1B9AA9
:109D4000042E06D8DFE806F014031D201400DDE918
:109D50001CABE10548BF4BF0004B2BF000431B0D43
:109D60001B05002BBDD1FEF727FB22230360B8E7BC
:109D700002F23342DDE91CA323F4801343EA025BC1
:109D8000E7E7DFF87CB1E4E76FF0004B4FF0FF3A14
:109D9000DFE7199B5A1C19925B78302BF9D0002B06
:109DA0009FD0012300270A22B9460893199B0B97DD
:109DB0000C9319980578A5F13003D9B2092928D94F
:109DC0000122504900F0C8FF002832D000202A4666
:109DD00003464D460A90652A01D0452A14D11DB983
:109DE000089A024396D00025199C621C1992627849
:109DF0002B2A7AD02D2A7ED04FF0000CA2F1300110
:109E0000092940F2858019944FF00008A5E000234D
:109E1000C8E7B9F1080FD8BF0B9900F10100D6BF10
:109E200002FB013302FB07370B9309F1010919907B
:109E3000BFE7199B5A1C19925A78B9F1000F3BD011
:109E40004D460A90A2F13003092B12D90123C2E733
:109E5000199B01305A1C19925A78302AF8D0A2F175
:109E60003103082B00F2C8840A9000200546199B94
:109E70000C93303A00F1010318D02E464FF00A0E31
:109E80000A9919440A91711CA1EB050C634515DC74
:109E900020EAE0702B18082B05F1010505441ADCB7
:109EA0000A230B9903FB01230B930023199A1846ED
:109EB000511C19915278C5E74846CEE7082E05DCBB
:109EC0000B9E0EFB06F60B960E46DCE71029D8BF5C
:109ED0000EFB07F7F8E70F2BDCBF0A2303FB07276E
:109EE000E3E700230A9301237AE74FF0000CA21C5A
:109EF0001992A27882E74FF0010CF8E724D300080A
:109F00000000F07F5DD10008199A511C1991527818
:109F1000302AF9D0A2F1310108293FF675AF4FF090
:109F20000A08303A0992199A0F92199A561C1996F2
:109F30005278A2F1300EBEF1090F39D90F9944F6CB
:109F40001F68761A082E03DC09998845A8BF884641
:109F5000BCF1000F01D0C8F10008002D4ED10899C6
:109F600008437FF4BEAE002B7FF4D4AE692A28D01C
:109F700025DC492A25D04E2A7FF4CCAE994919A870
:109F800001F0DCF900283FF4C5AE199B1B78282BA3
:109F90002ED195491CAA19A801F0E4F9052827D16A
:109FA0001D9BDDF870A043F0FF4B4BF4E00B98E6EF
:109FB000099908FB0121A1F130020992B5E76E2A47
:109FC000DAE78A4919A801F0B9F900283FF4A2AEEE
:109FD000199B8749013B19A8199301F0AFF910B9F2
:109FE000199B013319934FF0000ADFF808B278E6A5
:109FF000814800F0E1FE82468B4672E60A9BB9F189
:10A00000000F08BFA946A8EB0303102D0B982C46A0
:10A010000993A8BF1024F6F7E5F9092D82468B466F
:10A0200011DC099B002B3FF45CAE099B76DD162BFF
:10A030005DDC7249524601EBC3015B46D1E9000188
:10A04000F6F74AFAD7E76D4B03EBC40353E9122343
:10A05000F6F742FA824638468B46F6F7C3F90246CF
:10A060000B4650465946F6F781F80F2D82468B462F
:10A07000D7DD099B2C1B1C44002C40F3938014F06B
:10A080000F030AD05D49524601EBC301D1E900013B
:10A090005B46F6F721FA82468B4634F00F0473D004
:10A0A000B4F59A7F49DD0024A046A1460B942223F3
:10A0B0004FF0000A059ADFF83CB113600B9B002BB0
:10A0C0003FF40FAE1A990598FFF750F949460598E5
:10A0D000FFF74CF941460598FFF748F90B990598A9
:10A0E000FFF744F921460598FFF740F9F9E5099A89
:10A0F000C5F125039342BCDB404CC5F10F0504EBD1
:10A10000C5015246D1E900015B46F6F7E5F9099B26
:10A110005D1B04EBC504D4E9002391E71633A8DBEB
:10A120000A9B5046A3EB0808344B594603EBC8087A
:10A13000D8E90023F6F7FAFA5DE7002350465946BE
:10A140001E462F4F2411012C21DC0BB182468B4679
:10A150002B49ABF1547B01EBC6015246D1E900011A
:10A160005B46F6F7B9F9234B0A460B402549824670
:10A170008B4298D8A1F580118B4286BF4FF0FF3AF1
:10A18000DFF884B002F1547B0023089376E0E20705
:10A1900004D5D7E90023F6F79FF9012301366410AF
:10A1A0000837D0E7F0D0644214F00F020AD0134B06
:10A1B000504603EBC2035946D3E90023F6F7B6FA3B
:10A1C00082468B462411DFD01F2C1FDD0024A046C1
:10A1D000A1460B942223059A4FF0000A4FF0000B82
:10A1E00013606BE74BD0000810D3000843D0000881
:10A1F0007AD000080000F07FB3D1000848D20008F0
:10A2000020D200080000A07CFFFFEF7F14F01003B5
:10A2100018BF6A235046089359460023774EE70734
:10A2200004D5D6E90023F6F757F90123641006F1A7
:10A230000806F4D10BB182468B46089BB3B1CBF331
:10A240000A52C2F16B03002B59460FDD1F2B58DD5C
:10A25000342BD8BF4FF0FF334FF0000ACFBF4FF081
:10A260005C7BC2F14B02934003EA010B0022002306
:10A2700050465946F6F798FB0028A7D10B9B4A4653
:10A2800000930C992B460598FFF7D8F80B900028FF
:10A290003FF409AF0024099A0A9B002AA3EB0803A4
:10A2A000A8BF0023A046129322EAE27316930B9BE9
:10A2B00005985968FFF71AF8814600283FF4F7AE71
:10A2C0000B9B0C301A6903F10C010232920000F072
:10A2D00065FD1CAB01931BAB009352465B46059892
:10A2E000CDE90CABFFF7D6FB1A9000283FF4DFAEA8
:10A2F00001210598FFF738F9804648B94FF000086A
:10A30000D5E64FF0FF3202FA03F303EA0A0AADE79B
:10A310001B9D1C9A002DABBF129B169BEF185E1B5A
:10A32000089BA8BF169EA5EB03051544344B05F109
:10A33000FF35B8BF129F9D42C2F1360250DA5B1B57
:10A340001F2B4FF00101A2EB03023DDC01FA03F3E6
:10A35000139300231093BD18089BAF4216441E446C
:10A360003B46A8BF2B46B342A8BF3346002BC2BF13
:10A37000ED1AF61AFF1A129B002B16DD41461A46FB
:10A380000598FFF7A9F980460028B7D001461A9A28
:10A390000598FFF7FFF80A9000283FF488AE1A9955
:10A3A0000598FEF7E3FF0A9B1A93002D1DDC099B1D
:10A3B000002B27DD4946169A0598FFF78DF981464F
:10A3C00000BB4FF0000972E6C5F17F4505F57F053A
:10A3D00005F57B45E23501FA05F310931391BAE7D1
:10A3E0000023109301231393B5E72A461A99059881
:10A3F000FFF7CCF91A900028D9D158E638D30008D5
:10A4000002FCFFFF002E07DD494632460598FFF7A4
:10A41000BDF981460028D4D0002F08DD41463A46D8
:10A420000598FFF7B3F9804600283FF440AE4A464E
:10A430001A990598FFF732FA044600283FF437AE20
:10A44000C36841460F930023C360FFF70BFA00284F
:10A450003DDA0F9B53EA0A0363D1CBF31303002BBE
:10A460005FD12BF000431B0D1B05B3F1D66F58D9FC
:10A47000636913B92369012B53DD21460122059835
:10A48000FFF784F941460446FFF7ECF9002848DD60
:10A490002BF00043089A1B0D1B05002A62D0B3F174
:10A4A000D66F5FD8B3F15C7F7FF694AE50465946C5
:10A4B000A34B0022F6F710F8A24B82460B408B46C6
:10A4C000002B7FF4FFAD2223059A1360FAE5CDF847
:10A4D00028B065D10F9ACBF313035AB39A4A93422B
:10A4E0002BD1089B514603B35A46964B1340B3F108
:10A4F000D46F4FF0FF321BD81B0DC3F16B0302FA70
:10A5000003F3994219D1914B0A9A9A4202D101312F
:10A510003FF4CDAD4FF0000A8A4B0A9A1A4002F57B
:10A52000801B089B002BC1D1CCE54FF0FF33E8E73F
:10A530001346E6E753EA0A03AAD0109BDBB10A9A56
:10A540001342EED00F9B50465946089ABBB1FFF715
:10A550006DFB02460B46DDE90C01F5F707FE82466E
:10A560008B46DEE7A3F580136FEA135B4FF0FF3AEB
:10A570006FEA0B5BD5E7139B13EA0A0FE1E7FFF7DE
:10A5800055FB02460B46DDE90C01F5F7EDFD002217
:10A59000002382468B46F6F707FA0028C1D019E659
:10A5A00041462046FFF7CEFA00224FF08043064690
:10A5B0000F46F6F70DFA00286DD00F9B002B78D1CF
:10A5C000BAF1000F56D10A9BC3F31303002B58D1E5
:10A5D0000022304639465E4BF6F7F0F9002857D195
:10A5E0003046394600225B4BF5F776FF06460F46AC
:10A5F00007F1004306960793DDE90623514DCDE9A7
:10A6000010230A9B1D40544B9D4240F0AB800A9B97
:10A610005046A3F1547B5946FFF7D4F9DDE90623F0
:10A62000F5F75AFF52465B46F5F7A0FD0B46454944
:10A630004A4A19409142824642D90D9A434B9A4266
:10A6400003D10C9B01333FF432AD4FF0FF3ADFF8FA
:10A65000FCB01A990598FEF789FE49460598FEF761
:10A6600085FE41460598FEF781FE21460598FEF7D6
:10A670007DFE1CE6BAF1010F03D10A9B002B3FF4CB
:10A68000A9AD0022364B0026CDE90623304FB3E7B3
:10A690000026304FACE7304639462E4B0022F5F706
:10A6A0001BFF0F9B06460F46002BA1D0CDE9066786
:10A6B000A2E70022264B16461F46CDE906239BE75C
:10A6C00003F1547B089BCDF828B0002BC1D12BF0AF
:10A6D00000431B0D1B059D42BBD130463946F6F7A2
:10A6E00067FDF5F7CBFE02460B4630463946F5F7D7
:10A6F0003BFD0B460246CBF31306CDE90C230F9B23
:10A7000046EA0A061E436AD009A3D3E90023F6F7F6
:10A7100055F900287FF4D6AC07A3D3E90023DDE97F
:10A720000C01F6F769F9002893D0CBE4AFF3008071
:10A730009535A094FFFFDF3F35E5AF350000E03FE2
:10A74000000050390000F07FFFFF0F00FFFFEF7F98
:10A750000000F03F0000E03F0000E07FFFFF9F7C33
:10A760000000F0BF089B23B3B5F1D46F21D828A314
:10A77000D3E9002330463946F6F72AF9A0B1394625
:10A780003046F6F781F9012838BF0120F5F72AFE97
:10A790000F9B06460F46FBB901F100431490159339
:10A7A000DDE91423CDE91023119B03F1D6635B1B74
:10A7B0001193DDE90C01DDE910ABFFF703F9024667
:10A7C0000B4650465946F5F787FEDDE90C23F5F7B1
:10A7D000CDFC82468B4675E7CDE91467E0E70EA312
:10A7E000D3E90023F6F7EAF89DE700230E93199BBF
:10A7F000179A1360FFF779BA652A3FF472AB452ABE
:10A800003FF46FAB0123FFF7AABB00BFAFF300809B
:10A810000000C0FFFFFFDF419535A094FFFFCF3F51
:10A82000014BFFF725BA00BF7C000020242B2DE947
:10A83000F0478646904601D8012B06D1FDF7BCFDB6
:10A84000162303600020BDE8F0870D4633482A46F2
:10A8500015F8014B065D16F00806F8D12D2C10D125
:10A8600001262C78951C33F0100215D1302C0DD117
:10A870002A7802F0DF02582A08D16C7802351023BA
:10A880000AE02B2C04BF2C78951CECE7002BF6D1AA
:10A89000302C14BF0A230823002206F1004C0CF1CF
:10A8A000FF3CBCFBF3F9104603FB19CAA4F13007C7
:10A8B000092F0FD83C46A3421BDD571C07D081450A
:10A8C00014D301D1A24511DB012200FB034015F88E
:10A8D000014BEBE7A4F14107192F01D8373CEAE718
:10A8E000A4F16107192F04D8573CE4E74FF0FF3279
:10A8F000EDE7531C08D122236046CEF80030B8F1B2
:10A90000000FA0D0691E06E006B14042B8F1000F6A
:10A9100099D0002AF6D1C8F8001094E761D3000856
:10A92000FFF784BF2DE9F0471F468E688246BE427E
:10A930000C4690460B682DD8B1F90C2012F4906F9C
:10A9400026D06569096905EB4505A3EB010905EB0F
:10A95000D5757B1C4B446D109D4238BF1D46530579
:10A9600027D52946FEF736FC064660B34A462169DC
:10A9700000F014FAA38923F4906343F08003A381C9
:10A9800026614E4426603E466561A5EB0905A5603B
:10A99000BE4200D93E4632464146206800F0C2F928
:10A9A0000020A3689B1BA360236833442360BDE899
:10A9B000F0872A4600F083FD06460028E0D1504685
:10A9C0002169FEF795FB0C23CAF80030A3894FF0EC
:10A9D000FF3043F04003A381E9E700002DE9F04F89
:10A9E00098468B8907461B060D4614469DB010D528
:10A9F0000B6973B94021FEF7EDFB2860286130B97F
:10AA00000C233B604FF0FF301DB0BDE8F08F4023BA
:10AA10006B610023099320238DF8293030234FF0F8
:10AA20000109CDF80C80DFF898818DF82A30234693
:10AA30009A4613F8012B0AB1252AF9D1BAEB040B77
:10AA40000BD05B46224629463846FFF76BFF0130A4
:10AA500000F0A780099A5A4409929AF80030002B16
:10AA600000F09F8000234FF0FF32CDE905230AF16B
:10AA7000010A049307938DF853301A935446052224
:10AA800014F8011B4E48FDF7C4FC049AD8B9D0064F
:10AA900044BF20238DF85330110744BF2B238DF87A
:10AAA00053309AF800302A2B15D0544600204FF02E
:10AAB0000A0C079A214611F8013B303B092B4BD970
:10AAC000B0B1079214E0A0EB080309FA03F31343B3
:10AAD000A2460493D2E7039B191D1B680391002B28
:10AAE000BBBF5B4242F0020207930793B8BF0492D8
:10AAF00023782E2B0AD163782A2B32D1039B023480
:10AB00001A1D1B68039243EAE3730593DFF8B4A0B0
:10AB1000032250462178FDF77CFC38B14022049B8B
:10AB2000A0EB0A00824013430134049314F8011B84
:10AB3000062225488DF82810FDF76BFC002836D03A
:10AB4000224B1BBB039B073323F0070308330393FC
:10AB5000099B334409936AE70C4601200CFB02323F
:10AB6000A8E700234FF00A0C19460134059320464C
:10AB700010F8012B303A092A03D9002BC6D00591D1
:10AB8000C4E7044601230CFB0121F0E703AB00936B
:10AB90002A4638460E4B04A9FCF7CEFC421C06465A
:10ABA000D6D1AB895B063FF52DAF09982CE703ABF7
:10ABB00000932A463846064B04A9FCF75BFFEDE7F5
:10ABC0005FD1000865D1000869D100083975000817
:10ABD00025A90008B1F90C20F8B5160705460C4662
:10ABE00054D44B68002B02DC0B6C002B48DDE66A6A
:10ABF000002E45D0002312F480522F68216A2B606A
:10AC000030D0626DA389590705D56368D21A636B8A
:10AC10000BB1236CD21A00232846E66A216AB0479A
:10AC2000431CA38906D129681D292BD8284ACA406C
:10AC3000D60727D5002262602269D904226004D594
:10AC4000421C01D12B6803B96065616B2F60B9B1FB
:10AC500004F14403994202D02846FEF749FA002342
:10AC600063630DE001232846B0470246501CC9D15A
:10AC70002B68002BC6D01D2B01D0162B1DD12F60A9
:10AC8000002021E043F040031BB21AE00F69002FBF
:10AC9000F6D0930718BF00230E6808BF4B69F61B58
:10ACA0000F608B60002EEBDD33463A462846216A62
:10ACB000D4F828C0E047002807DCB4F90C3043F092
:10ACC00040034FF0FF30A381F8BD0744361AE9E78F
:10ACD0000100402038B50B6905460C4613B9002524
:10ACE000284638BD18B1036A0BB9FDF777FAB4F9F5
:10ACF0000C30002BF3D0626ED00704D4990502D437
:10AD0000A06DFDF784FB28462146FFF763FF636EC5
:10AD10000546DA07E4D4A3899B05E1D4A06DFDF7CD
:10AD200077FBDDE7884210B501EB020402D98442CB
:10AD3000234607D8431EA14208D011F8012B03F87F
:10AD4000012FF8E7014602448A4200D110BD13F8F2
:10AD5000014D02F8014DF7E710B56AB101398418C9
:10AD600010F8012B11F8013F9A4203D1A04201D003
:10AD7000002AF5D1D01A10BD1046FCE738B50023E3
:10AD8000054D044608462B60F8F736F9431C02D1FE
:10AD90002B6803B1236038BDAC0800200A449142FF
:10ADA00000F1FF3300D1704710B511F8014B91420B
:10ADB00003F8014FF9D110BD00200149704700BFD1
:10ADC0000000F87F1FB514461A46094B05461B685C
:10ADD000D8684CB1074BCDE9013400912B460649A8
:10ADE00000F0A8FB00F0B8FB044B1C46F3E700BFE3
:10ADF0002C00002078D1000885D10008B3D10008CC
:10AE000070B5A1FB025434B92946FEF7E3F90646B2
:10AE100028B9304670BD0C2200260260F9E72A46A8
:10AE20002146FDF776FAF4E703692DE9F043B3EB29
:10AE3000611F00F114044FEA611246DD11F01F0199
:10AE400004EB830604EB82050CD1294600F11007C0
:10AE5000B14235D39B1A9B00EA1E964238BF0023AD
:10AE6000234415E0A14654F82270C1F12008CF40D8
:10AE700005F1040E7645F44616D89A1A9200043A63
:10AE80000135AE4238BF0022A318A75007B10433E2
:10AE9000A342A3EB040208BF00234FEAA20202610F
:10AEA00008BF4361BDE8F083DCF800C00CFA08FC81
:10AEB0004CEA070749F8047B5EF8047BCF40D9E7EA
:10AEC00051F804CB47F804CFC2E72346E0E7A0F1EE
:10AED0003003092B02D82038C0B27047A0F16103BB
:10AEE000052B01D84738F7E7A0F14103052B01D81E
:10AEF0002738F1E7002070472DE9F04F8A46904649
:10AF000085B002930B6801909C1CA14614F8010BBC
:10AF10003028FAD0A9EB0303A3F1020BFFF7D7FF08
:10AF20000546002868D1012248469F49FFF714FFD3
:10AF30000746002867D199F801002646FFF7C7FFAA
:10AF4000002862D0234618789946302803F101037F
:10AF5000F9D0FFF7BCFFB0FA80F54FF0010B6D0997
:10AF60004A46164630780132FFF7B1FF0028F8D183
:10AF7000012230468C49FFF7EFFE00283FD144B94B
:10AF8000741C2246164630780132FFF7A0FF0028D5
:10AF9000F8D1A41BA700337803F0DF03502B3ED178
:10AFA00073782B2B33D02D2B34D00024711C0878D0
:10AFB000FFF78DFF431EDBB2182B30D8A0F1100233
:10AFC00011F8010FFFF783FF00F1FF3C5FFA8CFCE3
:10AFD000BCF1180F4FF00A031ED904B152421744B6
:10AFE000CAF80010EDB1BBF1000F0CBF062500251B
:10AFF000284605B0BDE8F08F00252C46B0E7002CB0
:10B00000C7D12746C7E74E462F460125C3E7002490
:10B01000B11CCCE70124FBE703FB0200CEE731467D
:10B02000DEE72946A6EB0903013B072B0ADC019862
:10B03000FEF75CF9044640B90246E4215B4B5C48EC
:10B04000FFF7C0FE01315B10EFE7002300F1140AA7
:10B0500055469B46B14537D345F804BBA5EB0A05D9
:10B06000AD1025615846FEF733FA6D01D8F800603F
:10B070002D1AB54254DDAD1B29462046FEF7B5FD1D
:10B08000814678B14FF001096B1E59115AF8211011
:10B0900003F01F0209FA02F20A4203D04B4536DCE4
:10B0A0004FF0020929462046FFF7BEFE2F44D8F88C
:10B0B0000830BB4242DA21460198FEF757F90023D7
:10B0C0000E9AA325136093E716F8012D2E2A12D0AD
:10B0D000202B04D145F804BB4FF0000B5B463078C1
:10B0E0000393FFF7F4FE039B00F00F0098404BEA38
:10B0F000000B0433AEE7B145EAD8012230462A49B5
:10B100000393FFF729FE039B0028E1D1A2E7204625
:10B11000A91EFEF76AFD0028C2D04FF00309C1E75F
:10B1200009DA751B21462A460198FEF72FFB0446D3
:10B130007F1B00F1140A4FF00009B8E7D8F804505B
:10B14000BD426FDDED1BAE4234DCD8F80C30022B73
:10B1500022D0032B24D0012B15D1AE4213D1012EC6
:10B160000BD1D8F80430029A6225136001232361C1
:10B17000CAF800300E9B1C603AE72046711EFEF7AD
:10B1800034FD0028EDD121460198FEF7EFF80023A9
:10B190000E9A502513602BE70F9B002BF3D1E0E7AD
:10B1A0000F9B002BDDD1EEE75DD10008F3D0000846
:10B1B000B4D100086F1EB9F1000F30D127B1394664
:10B1C0002046FEF712FD814601232946761B022503
:10B1D0007A115AF8222007F01F07BB40134220467D
:10B1E00018BF49F00209FFF71FFED8F80470B9F143
:10B1F000000F47D0D8F80C30022B15D0032B17D0F6
:10B20000012B09D119F0020F06D0DAF8003049EA13
:10B21000030919F0010F0ED145F0100532E04FF08F
:10B220000109D1E70125E2E70F9BC3F101030F9369
:10B230000F9B002BF0D04FF0000CD4F810B004F1AD
:10B2400014034FEA8B0A03EB8B01184653F8042BC7
:10B25000B2F1FF3F1BD001320260022D04F1140352
:10B260003CD1D8F80020013AB24209D10122711133
:10B2700053F8213006F01F0602FA06F61E423AD1B4
:10B2800045F020050E9B1C60029B1F60B0E69942B2
:10B2900043F804CCD9D8A3689B4517DB61680198B3
:10B2A0000131FEF723F8814618B902468421194B73
:10B2B000C5E6226904F10C01023292000C30FFF75E
:10B2C0006DFD21460198FEF751F84C4623695A1C42
:10B2D0002261012204EB83035A61BEE722695A45C9
:10B2E0000BDD01212046FFF79FFDD8F8083001371C
:10B2F000BB42FFF6E0AE0125C2E716F01F06FAD00A
:10B30000534453F8040CFEF7E3F8C6F12006B042AC
:10B31000E7DBF0E7F3D00008C2F10802920070B555
:10B32000C2F120064368046803FA06F52C43D340B3
:10B33000046040F8043F8842F4D370BD30B5036820
:10B34000013311F8014B14B90360012030BD13F82B
:10B35000012BA2F14105192D98BF2032A242F0D055
:10B360000020F3E72DE9F04F00250B6882465E11BF
:10B3700002EB860613F01F0318BF0436371F9046F2
:10B38000B9463C46AB4687B00168019346F8045C79
:10B3900002954A784B1C039342B3104605910492E0
:10B3A000FFF795FD002851D1049A0599202A18D855
:10B3B000029B9B4513DD4C4506D2072D04DC2A4633
:10B3C00049462046FFF7A8FF444552D90023A4F17F
:10B3D000040944F8043C1D464C46CDF808B00399D6
:10B3E000D7E7292A57D10231CAF80010BBF1000F64
:10B3F00051D04C4506D2072D04DC2A46494620464A
:10B40000FFF78AFF444536D92346A8F1040253F8D2
:10B41000041B9F4242F8041FF9D23B1B23F0030395
:10B4200004330134033EB44288BF04230022434462
:10B4300043F8042B9F42FBD23B681BB9474528D1F8
:10B4400001233B60052007B0BDE8F08F0135082DD2
:10B450000BF1010B06DD4445C1D90023012544F859
:10B46000043C043C226800F00F0040EA0210206017
:10B47000B5E70825B3E7019B002BDDD04FF0FF3285
:10B48000C3F12003DA4056F8043C134046F8043C6C
:10B49000D2E7043FD0E70420D5E782B001B901A983
:10B4A00042B14BB113780B601278101E18BF012007
:10B4B00002B070471046FBE76FF00100F8E72DE996
:10B4C000F041074614460D4621B91146BDE8F0414A
:10B4D000FDF780BE2AB9FDF70BFE25462846BDE8DC
:10B4E000F08100F040F88442064602D8B4EB500FD9
:10B4F000F4D821463846FDF76DFE804608B945462A
:10B50000ECE7B4422246294628BF3246FFF746FC04
:10B5100029463846FDF7ECFDF1E70346084641B100
:10B52000FF2A04D98A224FF0FF301A6070470120A9
:10B530000A7070470EB403B5014603AB054853F8D3
:10B54000042B0068019300F03DF802B05DF804EBB5
:10B5500003B070472C000020062008B500F006FA62
:10B560000120F7F7D4FC51F8043C181F002BBCBF96
:10B570000B58C0187047936810B4013B002B9360C0
:10B5800007DA9469A34201DB0A2902D110BC00F05A
:10B5900031B91368581C10601970084610BC704708
:10B5A000F8B506460F461446D518AC4201D1002026
:10B5B00007E03A46304614F8011BFFF7DCFF431C56
:10B5C000F3D1F8BD2DE9F04F0D46144698460646D6
:10B5D0009DB018B1036A0BB9FCF700FE6B6ED9077A
:10B5E00005D4AB899A0502D4A86DFCF710FFAB898E
:10B5F0001B0701D52B699BB92946304600F038F965
:10B6000070B16B6EDC0704D54FF0FF301DB0BDE8A4
:10B61000F08FAB899805F7D4A86DFCF7F9FEF3E736
:10B620000023099320238DF8293030234FF001099E
:10B63000CDF80C80DFF8A8818DF82A3023469A4691
:10B6400013F8012B0AB1252AF9D1BAEB040B0BD060
:10B650005B46224629463046FFF7A2FF013000F044
:10B66000A780099A5A4409929AF80030002B00F0FA
:10B670009F8000234FF0FF32CDE905230AF1010A34
:10B68000049307938DF853301A935446052214F807
:10B69000011B5348FCF7BDFE049AD8B9D10644BF3C
:10B6A00020238DF85330130744BF2B238DF85330DC
:10B6B0009AF800302A2B15D0544600204FF00A0C7F
:10B6C000079A214611F8013B303B092B4BD9B0B109
:10B6D000079214E0A0EB080309FA03F31343A24610
:10B6E0000493D2E7039B191D1B680391002BBBBF7A
:10B6F0005B4242F0020207930793B8BF049223789B
:10B700002E2B0AD163782A2B32D1039B02341A1DC7
:10B710001B68039243EAE3730593DFF8C8A0032292
:10B7200050462178FCF775FE38B14022049BA0EB0F
:10B730000A00824013430134049314F8011B0622CB
:10B7400029488DF82810FCF764FE00283FD0274BCD
:10B750001BBB039B073323F0070308330393099BA9
:10B760003B4409936AE70C4601200CFB0232A8E730
:10B7700000234FF00A0C194601340593204610F8B7
:10B78000012B303A092A03D9002BC6D00591C4E712
:10B79000044601230CFB0121F0E703AB00932A468A
:10B7A0003046134B04A9FBF7C7FE0746781CD6D1D9
:10B7B0006B6ED90705D4AB899A0502D4A86DFCF746
:10B7C00027FEAB895B063FF51FAF09981EE703AB69
:10B7D00000932A463046064B04A9FCF74BF9E4E7F0
:10B7E0005FD1000865D1000869D1000839750008EB
:10B7F000A1B50008F8B50E461446054618B1036A0F
:10B800000BB9FCF7EBFCA369A360A3891A0701D568
:10B81000236943B92146284600F02AF818B14FF0B1
:10B82000FF373846F8BD23682269F6B2981A636973
:10B830003746834205DC21462846FFF74BFA0028AD
:10B84000EDD1A368013BA36023685A1C22601E70DF
:10B850006269431C9A4204D0A389DB07E1D50A2E12
:10B86000DFD121462846FFF735FA0028D9D0D6E7A0
:10B8700038B5294B054618680C4618B1036A0BB950
:10B88000FCF7ACFCB4F90C30190722D4DA0607D463
:10B8900009222A6043F040034FF0FF30A38133E0D8
:10B8A000580712D5616B41B104F14403994202D0AB
:10B8B0002846FDF71DFC00236363A38923F02403BE
:10B8C000A3810023636023692360A38943F00803F5
:10B8D000A38123694BB9A38903F42073B3F5007FD7
:10B8E00003D02146284600F082F8B4F90C3013F05A
:10B8F00001020AD00022A26062695242A26122695A
:10B9000042B913F08000C5D138BD990758BF6269AC
:10B91000A260F4E70020F7E72C0000201F2938B5CB
:10B9200005460C4604D9162303604FF0FF3038BD9E
:10B93000C26B12B152F821304BB9284600F030F8F2
:10B94000224601462846BDE8384000F017B8012BD2
:10B950000AD0591C03D1162303600120E7E7002118
:10B96000204642F8241098470020E0E7024B0146A9
:10B970001868FFF7D3BF00BF2C00002038B50023A4
:10B98000064D0446084611462B60F7F7B0FA431CF3
:10B9900002D12B6803B1236038BD00BFAC08002082
:10B9A000F7F79EBA70B50C46B1F90E10154600298E
:10B9B0001E4696B00CDAA389002113F0800F14BF45
:10B9C00040234FF48063002031602B6016B070BDBF
:10B9D0006A4600F049F80028EDDB019901F4704156
:10B9E000A1F50053594259414FF48063EBE78B892D
:10B9F000F7B59D0706460C4607D504F147032360BB
:10BA000023610123636103B0F0BD6A4601ABFFF718
:10BA1000C9FF009F054639463046FDF7DBFB48B9B4
:10BA2000B4F90C309A05EED423F0030343F002037B
:10BA3000A381E2E7A389C4E9040743F08003A3815B
:10BA4000019B20605BB13046B4F90E1000F01EF887
:10BA500028B1A38923F0030343F00103A381A38941
:10BA60001D43A581CFE7000038B50023064D0446ED
:10BA7000084611462B60F7F799FA431C02D12B6850
:10BA800003B1236038BD00BFAC08002038B50023E7
:10BA9000054D044608462B60F7F797FA431C02D180
:10BAA0002B6803B1236038BDAC080020F8B500BF97
:10BAB000F8BC08BC9E467047F8B500BFF8BC08BC8F
:04BAC0009E467047E7
:10BAC800BE080000AC330000424D503238302045EB
:10BAD80052524F5200000000414854323020455223
:10BAE800524F5200543A252E32662043000000007F
:10BAF800483A252E3266202525000000503A252E8A
:10BB080031662068506100004C3A256C756D5620EE
:10BB1800252E3266560000004F50454E00000000AA
:10BB2800434C4F534544000057696E3A2573000053
:10BB380000000000000000000000000000000000FD
:10BB4800000000000010001000100010001000108D
:10BB58000000001000000000002800280028000055
:10BB68000000000000000000000000000024002485
:10BB7800007C00240048007C0048004800000000C9
:10BB880000380054005000380014005400540038A5
:10BB98000010000000200054005800300028005415
:10BBA8000014000800000000001000280028001001
:10BBB8000034004800480034000000000010001065
:10BBC800001000000000000000000000000000005D
:10BBD8000008001000200020002000200020002085
:10BBE80000100008002000100008000800080008E5
:10BBF800000800080010002000100038001000287D
:10BC0800000000000000000000000000000000002C
:10BC180000100010007C0010001000000000000060
:10BC280000000000000000000000000000000010FC
:10BC380000100010000000000000000000000038A4
:10BC480000000000000000000000000000000000EC
:10BC580000000000000000100000000000080008BC
:10BC6800001000100010001000200020000000004C
:10BC780000380044004400540044004400440038A4
:10BC880000000000001000300050001000100010EC
:10BC980000100010000000000038004400440004B8
:10BCA800000800100020007C00000000003800445C
:10BCB80000040018000400040044003800000000DC
:10BCC80000080018002800280048007C0008000828
:10BCD80000000000007C00400040007800040004E0
:10BCE800004400380000000000380044004000789C
:10BCF800004400440044003800000000007C0004B8
:10BD080000080010001000200020002000000000A3
:10BD1800003800440044003800440044004400381F
:10BD2800000000000038004400440044003C0004C7
:10BD3800004400380000000000000000001000006F
:10BD480000000000000000100000000000000000DB
:10BD5800000000100000000000000010001000109B
:10BD680000000000000C003000400030000C000013
:10BD780000000000000000000000007C0000007CC3
:10BD88000000000000000000000000000060001833
:10BD980000040018006000000000000000380044A3
:10BDA800000400080010001000000010000000004F
:10BDB80000380044004C0054005C0040004000384B
:10BDC8000000000000100028002800280028007C3F
:10BDD800004400440000000000780044004400785B
:10BDE800004400440044007800000000003800448B
:10BDF80000400040004000400044003800000000BF
:10BE080000700048004400440044004400480070AA
:10BE180000000000007C00400040007C0040004022
:10BE28000040007C00000000007C004000400078DA
:10BE3800004000400040004000000000003800447E
:10BE480000400040005C004400440038000000004E
:10BE5800004400440044007C004400440044004482
:10BE68000000000000380010001000100010001042
:10BE78000010003800000000000400040004000462
:10BE8800000400040044003800000000004400489A
:10BE980000500060005000480048004400000000C6
:10BEA8000040004000400040004000400040007C4E
:10BEB800000000000044006C006C00540044004482
:10BEC8000044004400000000004400640064005482
:10BED8000054004C004C00440000000000380044AE
:10BEE80000440044004400440044003800000000BE
:10BEF80000780044004400440078004000400040BE
:10BF0800000000000038004400440044004400449D
:10BF18000054003800040000007800440044004445
:10BF28000078004800480044000000000038004441
:10BF38000040003000080004004400380000000001
:10BF4800007C0010001000100010001000100010FD
:10BF58000000000000440044004400440044004441
:10BF68000044003800000000004400440044002859
:10BF780000280028001000100000000000440044C1
:10BF8800005400540054006C0028002800000000F1
:10BF98000044002800280010001000280028004451
:10BFA8000000000000440044002800280010001091
:10BFB8000010001000000000007C000400080010C1
:10BFC800001000200040007C000000000018001055
:10BFD80000100010001000100010001000100018D1
:10BFE80000200020001000100010001000080008B9
:10BFF80000000000003000100010001000100010B9
:10C008000010001000100030001000280028004424
:10C018000000000000000000000000000000000018
:10C02800000000000000000000000000000000FE0A
:10C0380000200010000000000000000000000000C8
:10C04800000000000000000000380044003C0044EC
:10C05800004C00340000000000400040005800641C
:10C068000044004400640058000000000000000084
:10C078000038004400400040004400380000000040
:10C08800000400040034004C00440044004C003418
:10C09800000000000000000000380044007C004060
:10C0A8000044003800000000000C0010007C001064
:10C0B8000010001000100010000000000000000038
:10C0C8000034004C00440044004C00340004007864
:10C0D800004000400058006400440044004400440C
:10C0E8000000000000100000007000100010001098
:10C0F8000010001000000000001000000070001088
:10C108000010001000100010001000E00040004077
:10C118000048005000600050004800440000000043
:10C128000070001000100010001000100010001027
:10C138000000000000000000007800540054005483
:10C148000054005400000000000000000058006483
:10C1580000440044004400440000000000000000C7
:10C168000038004400440044004400380000000047
:10C1780000000000005800640044004400640058B7
:10C1880000400040000000000034004C004400441F
:10C19800004C003400040004000000000058006453
:10C1A8000040004000400040000000000000000087
:10C1B8000038004400300008004400380000000047
:10C1C8000020002000780020002000200020001817
:10C1D8000000000000000000004400440044004447
:10C1E800004C00340000000000000000004400443F
:10C1F80000280028002800100000000000000000AF
:10C20800005400540054006C00280028000000006E
:10C21800000000000044002800100010002800441E
:10C22800000000000000000000440044002800282E
:10C23800001000100010006000000000007C0008E2
:10C24800001000200040007C0000000000180010D2
:10C25800001000100020002000100010001000182E
:10C268000010001000100010001000100010001046
:10C278000010001000300010001000100008000826
:10C2880000100010001000300000000000000074D2
:10C29800004C00000000000000000000000000004A
:10C2A8000000000000000000000000000000000086
:10C2B8000000000000000000000000000000000076
:10C2C8000000000C000C000C000C000C000C000C12
:10C2D800000C000C000C000C0000000C000C00000E
:10C2E800000000000000001B001B001B001B001BBF
:10C2F8000000000000000000000000000000000036
:10C30800000000000000000000008019801980195A
:10C318008019C07FC07F80190033C07FC07F003381
:10C328000033003300330000000000000000001E4E
:10C33800003F807580650074003C001E0007800582
:10C34800806580658075003F001E000400040000C1
:10C358000000007000D840D8C0D880D9007300060B
:10C36800000C801BC036C066C046C00680030000B3
:10C37800000000000000001E003F003300330033BF
:10C38800001E000CC03CC066806380618063C03EB4
:10C39800801C0000000000000000000C000C000CD5
:10C3A800000C000C0000000000000000000000006D
:10C3B80000000000000000000000000080000001F4
:10C3C8000003000600060004000C000C000C000C22
:10C3D800000C000C000400060006000300018000A9
:10C3E800002000100018000C000C000400060006D5
:10C3F80000060006000600060004000C000C0018E9
:10C40800001000200000000C002D003F001E00332B
:10C418000000000000000000000000000000000014
:10C428000000000000000000000000000000000CF8
:10C43800000C000C000CC0FFC0FF000C000C000C2E
:10C44800000C0000000000000000000000000000D8
:10C4580000000000000000000000000000000000D4
:10C46800000000000000000C000C0004000400089C
:10C4780000000000000000000000000000000000B4
:10C488000000001E001E0000000000000000000068
:10C498000000000000000000000000000000000094
:10C4A8000000000000000000000000000000000C78
:10C4B800000C00000000000000000003000300035F
:10C4C8000006000600060006000C000C000C000C1C
:10C4D8000018001800180000000000000000001EEE
:10C4E800003F0033806180618061806D806D806174
:10C4F800806180610033003F001E000000000000E2
:10C5080000000006000E001E003600260006000689
:10C5180000060006000600060006000600060000E9
:10C52800000000000000001E003F807380618061F1
:10C53800800100030006000C001800300060807FB6
:10C54800807F0000000000000000001C003E006327
:10C5580000630003000E000E00038001800180616B
:10C568008073003F001E000000000000000000066D
:10C57800000E000E001E001E001600360036006673
:10C58800807F807F00060006000600000000000093
:10C598000000007F007F006000600060006E007F88
:10C5A80080638001800180618073003F001E00006D
:10C5B800000000000000001E003F80338061006022
:10C5C800006E007F80738061806180618033003FEE
:10C5D800001E0000000000000000807F807F8001B6
:10C5E8000003000300060006000C000C000C000805
:10C5F8000018001800180000000000000000001ECD
:10C60800003F8063806180610021001E003F8061DF
:10C61800806180618061003F001E00000000000012
:10C628000000001E003F007380618061806180739C
:10C63800803F801D800180610073003F001E000064
:10C648000000000000000000000000000000000CD6
:10C65800000C000000000000000000000000000CBA
:10C66800000C0000000000000000000000000000B6
:10C6780000000000000C000C00000000000000009A
:10C688000000000C000C000400040008000000007A
:10C698000000000080008003000E003800600038B1
:10C6A800000E800380000000000000000000000071
:10C6B80000000000000000000000807F807F000074
:10C6C8000000807F807F0000000000000000000064
:10C6D80000000000000000000000000000400070A2
:10C6E800001C000780010007001C007000400000CB
:10C6F80000000000000000000000001F803FC07123
:10C70800C060C000C00180030007000E000C000CD0
:10C718000000000C000C0000000000000000001EDB
:10C72800003F803180718063806F806D806D806F85
:10C73800806700600032003E001C0000000000001E
:10C748000000000E000E001B001B001B001B8031A8
:10C758008031803F803F8031C060C060C060000091
:10C76800000000000000007C007E0063006300639E
:10C778000063007E007E0063806180618063007FCB
:10C78800007E0000000000000000001E003F803115
:10C79800806100600060006000600060006080618F
:10C7A8008031003F001E0000000000000000007CF7
:10C7B800007F006380638061806180618061806147
:10C7C800806100630063007E007C000000000000C0
:10C7D8000000807F807F0060006000600060007F54
:10C7E800007F0060006000600060807F807F000044
:10C7F800000000000000807F807F00600060006013
:10C808000060007F007F00600060006000600060E2
:10C8180000600000000000000000001E003F8031A2
:10C828008061006000600060806380638061806177
:10C838008031803F001E0000000000000000806181
:10C8480080618061806180618061807F807F80619C
:10C85800806180618061806180610000000000006B
:10C868000000003F003F000C000C000C000C000C06
:10C87800000C000C000C000C000C003F003F0000F6
:10C88800000000000000800180018001800180011B
:10C898008001800180018001806180618073003F98
:10C8A800001E0000000000000000C06080610063FE
:10C8B80000660066006C0078007C00660066006315
:10C8C80080618061C060000000000000000000601E
:10C8D8000060006000600060006000600060006050
:10C8E800006000600060807F807F00000000000022
:10C8F8000000C071C071C07BC07AC06AC06AC06ED7
:10C90800C064C060C060C060C060C060C06000003B
:10C918000000000000008071807180798079807942
:10C92800806D806D806D80658067806780678063BB
:10C9380080630000000000000000001E003F00337C
:10C9480080618061806180618061806180618061D7
:10C958000033003F001E0000000000000000007EC1
:10C96800007F80638061806180618063007F007EDA
:10C9780000600060006000600060000000000000CF
:10C988000000001E003F003380618061806180618B
:10C9980080618061806580670033803F401E0000B1
:10C9A800000000000000007E007F806380618061DD
:10C9B8008063007F007E00660063006380618061A1
:10C9C800C0600000000000000000000E001F803161
:10C9D800803100300038001E0007800380618061CC
:10C9E8008031003F001E0000000000000000C0FF72
:10C9F800C0FF000C000C000C000C000C000C000C1C
:10CA0800000C000C000C000C000C000000000000E2
:10CA180000008061806180618061806180618061E7
:10CA280080618061806180618073003F001E00002A
:10CA3800000000000000C060C060C060803180312C
:10CA48008031001B001B001B001B000E000E000E97
:10CA580000040000000000000000C0C0C0C0C0C04A
:10CA6800C0C0C0C0C0CC804C804C805E8052805218
:10CA78008073806180610000000000000000C0C079
:10CA8800806080610033003B001E000C000C001E1B
:10CA9800001F003B80718061C0C0000000000000E2
:10CAA8000000C0C08061806100330033001E001E9A
:10CAB800000C000C000C000C000C000C000C00001A
:10CAC800000000000000803F803F80010003000359
:10CAD8000006000C000C0018001800300060807F71
:10CAE800807F000000000000000F000F000C000C09
:10CAF800000C000C000C000C000C000C000C000CCE
:10CB0800000C000C000C000C000F000F00000018B7
:10CB180000180018000C000C000C000C00060006A1
:10CB280000060006000300030003000000000000E8
:10CB3800001E001E0006000600060006000600068D
:10CB480000060006000600060006000600060006AD
:10CB5800001E001E0000000C000C001E0012003316
:10CB680000338061806100000000000000000000C8
:10CB780000000000000000000000000000000000AD
:10CB8800000000000000000000000000000000009D
:10CB98000000000000000000E0FF00000000003876
:10CBA8000018000C00000000000000000000000059
:10CBB800000000000000000000000000000000006D
:10CBC80000000000000000000000001F803F80619E
:10CBD8008001801F803F80618063807FC0380000B3
:10CBE8000000000000000060006000600060006E4F
:10CBF800007F807380618061806180618073007FC5
:10CC0800006E0000000000000000000000000000AE
:10CC18000000001E003F807380610060006080613A
:10CC28008073003F001E000000000000000080012B
:10CC3800800180018001801D803F80738061806158
:10CC4800806180618073803F801D000000000000CB
:10CC580000000000000000000000001E003F0073FC
:10CC68008061807F807F00608071003F001E00002F
:10CC7800000000000000C007C00F000C000C807FFF
:10CC8800807F000C000C000C000C000C000C000C49
:10CC9800000C000000000000000000000000000080
:10CCA800801D803F807380618061806180618073B6
:10CCB800803F801D80018063007F003E000000608F
:10CCC800006000600060006F807F8071806180611B
:10CCD80080618061806180618061000000000000E7
:10CCE80000000006000600000000003E003E0006AE
:10CCF8000006000600060006000600060006000002
:10CD0800000000000006000600000000003E003E93
:10CD180000060006000600060006000600060006DB
:10CD280000060046007E003C0000006000600060D5
:10CD38000060806100630066006C007C0076006320
:10CD480000638061C0600000000000000000003E39
:10CD5800003E000600060006000600060006000663
:10CD6800000600060006000600060000000000009D
:10CD78000000000000000000000080DDC0FFC0CE01
:10CD8800C0CCC0CCC0CCC0CCC0CCC0CCC0CC0000C7
:10CD98000000000000000000000000000000006F1C
:10CDA800807F807180618061806180618061806145
:10CDB800806100000000000000000000000000008A
:10CDC8000000001E003F8073806180618061806187
:10CDD8008073003F001E00000000000000000000FB
:10CDE80000000000006E007F8073806180618061B8
:10CDF80080618073007F006E0060006000600060EA
:10CE08000000000000000000801D803F80738061EA
:10CE18008061806180618073803F801D8001800116
:10CE28008001800100000000000000000000006791
:10CE3800803F0039003000300030003000300030D2
:10CE480000300000000000000000000000000000AA
:10CE58000000001E803F80610060007F803F8001ED
:10CE68008061007F001E000000000000000000003C
:10CE7800000800180018007F007F0018001800182C
:10CE8800001800180018801F800F00000000000024
:10CE980000000000000000000000806180618061E7
:10CEA80080618061806180618063807F803D000057
:10CEB8000000000000000000000000000000C0604A
:10CEC800803180318031001B001B001B000E000EDA
:10CED8000006000000000000000000000000000044
:10CEE800000080DD80DD80DD0055005500550077AD
:10CEF800007700220022000000000000000000006F
:10CF0800000000000000806100330033001E000CA8
:10CF1800000C001E00330033806100000000000098
:10CF28000000000000000000806180618031003353
:10CF38000033001B001B001B000E000E000E001C1F
:10CF4800007C007000000000000000000000C07FAE
:10CF5800C07F800100030006000C00180030C07F6D
:10CF6800C07F000000000000800380070006000664
:10CF7800000600060006000E001C001C000E00063D
:10CF8800000600060006000680078003000600066B
:10CF98000006000600060006000600060006000659
:10CFA8000006000600060006000600060006000649
:10CFB8000038003C000C000C000C000C000C000EAB
:10CFC80000070007000E000C000C000C000C000C01
:10CFD800003C0038000000000000000000000000D5
:10CFE80000008038807F004700000000000000003B
:10CFF8000000000000000000000000000000000029
:10D0080001020304060708090000000001020304E6
:10D0180002030405060708090A0B0C0D0E0F101071
:10D028000102000002030405060708090A0B0C0D9B
:10D038000E0F10100102494E4600696E66004E41FF
:10D048004E006E616E003000303132333435363781
:10D05800383941424344454600303132333435365D
:10D068003738396162636465660065256C64004918
:10D078006E66696E697479004E614E005245454E80
:10D0880054206D616C6C6F632073756363656564B0
:10D098006564002F6275696C642F676E752D746FF7
:10D0A8006F6C732D666F722D73746D33325F31330D
:10D0B8002E332E72656C312E32303234303932369E
:10D0C8002D313731352F7372632F6E65776C696236
:10D0D8002F6E65776C69622F6C6962632F73746455
:10D0E8006C69622F64746F612E630042616C6C6FAF
:10D0F8006320737563636565646564002F62756991
:10D108006C642F676E752D746F6F6C732D666F72FC
:10D118002D73746D33325F31332E332E72656C315B
:10D128002E32303234303932362D313731352F7393
:10D1380072632F6E65776C69622F6E65776C6962B2
:10D148002F6C6962632F7374646C69622F6D7072DF
:10D1580065632E63002E00232D302B2000686C4C55
:10D1680000656667454647004300504F53495800DD
:10D178002C2066756E6374696F6E3A200061737354
:10D18800657274696F6E2022257322206661696C4E
:10D1980065643A2066696C6520222573222C206C10
:10D1A800696E65202564257325730A002F627569E9
:10D1B8006C642F676E752D746F6F6C732D666F724C
:10D1C8002D73746D33325F31332E332E72656C31AB
:10D1D8002E32303234303932362D313731352F73E3
:10D1E80072632F6E65776C69622F6E65776C696202
:10D1F8002F6C6962632F7374646C69622F6764743F
:10D208006F612D6765746865782E630005000000FE
:10D21800190000007D0000000080E03779C3414319
:10D22800176E05B5B5B89346F5F93FE9034F384D84
:10D23800321D30F94877825A3CBF737FDD4F157530
:10D24800000000000000F03F000000000000244043
:10D2580000000000000059400000000000408F401E
:10D26800000000000088C34000000000006AF84089
:10D278000000000080842E4100000000D0126341AD
:10D288000000000084D797410000000065CDCD4123
:10D29800000000205FA00242000000E87648374204
:10D2A800000000A2941A6D42000040E59C30A242A2
:10D2B8000000901EC4BCD64200003426F56B0C4317
:10D2C8000080E03779C3414300A0D88557347643BE
:10D2D80000C84E676DC1AB43003D9160E458E1431F
:10D2E800408CB5781DAF154450EFE2D6E41A4B4494
:10D2F80092D54D06CFF08044F64AE1C7022DB544D9
:10D30800B49DD9794378EA4434000000CEFBFFFF8E
:10D31800CB03000001000000000000003500000001
:10D32800CEFBFFFFCB03000001000000000000005F
:10D33800BC89D897B2D29C3C33A7A8D523F64939E3
:10D348003DA7F444FD0FA5329D978CCF08BA5B2505
:10D35800436FAC642806681100202020202020207C
:10D36800202028282828282020202020202020208D
:10D37800202020202020202020881010101010109D
:10D3880010101010101010101004040404040404E9
:10D398000404041010101010101041414141414183
:10D3A8000101010101010101010101010101010165
:10D3B8000101010110101010101042424242424275
:10D3C8000202020202020202020202020202020235
:10D3D80002020202101010102000000000000000DD
:10D3E8000000000000000000000000000000000035
:10D3F8000000000000000000000000000000000025
:10D408000000000000000000000000000000000014
:10D418000000000000000000000000000000000004
:10D4280000000000000000000000000000000000F4
:10D4380000000000000000000000000000000000E4
:10D4480000000000000000000000000000000000D4
:0CD45800000000000000000000000000C8
:08D46400EC2CFF7F0100000029
:04D46C00350100087E
:04D47000110100089E
:10D47400070A000038BB00080B120000A4C2000811
:10D48400EC00000000127A0010000000010000000F
:10D49400000000000300000070070020300000209E
:10D4A4000000000070070020D8070020400800207A
:10D4B4000000000000000000000000000000000068
:10D4C4000000000000000000000000000000000058
:10D4D4000000000000000000000000000000000048
:10D4E40000000000000000000000000043000000F5
:10D4F4000000000000000000000000000000000028
:10D5040000000000000000000000000043000000D4
:10D514000000000000000000000000000000000007
:10D5240000000000000000000000000043000000B4
:10D5340000000000000000000000000000000000E7
:10D544000000000000000000000000004300000094
:10D5540000000000000000000000000000000000C7
:10D564000000000000000000000000004300000074
:10D5740000000000000000000000000000000000A7
:10D584000000000000000000000000004300000054
:10D594000000000000000000000000000000000087
:10D5A4000000000000000000000000004300000034
:10D5B4000000000000000000000000000000000067
:10D5C4000000000000000000000000001BB500087F
:10D5D4009BB400080000000060D300085DD100087F
:10D5E400B3D10008B3D10008B3D10008B3D1000807
:10D5F400B3D10008B3D10008B3D10008B3D10008F7
:10D60400B3D10008FFFFFFFFFFFFFFFFFFFFFFFF96
:10D61400FFFF00000100415343494900000000009E
:10D6240000000000000000000000000000000000F6
:10D63400000000000000415343494900000000007D
:10D6440000000000000000000000000000000000D6
:08D654000000000000000000CE
:04000005080030714E
:00000001FF
